time,ax (m/s^2),ay (m/s^2),az (m/s^2),aT (m/s^2)
0.002929,0.1528,-0.1624,0.0406,0.227
0.003626,0.1504,-0.1696,0.0383,0.230
0.003922,0.1456,-0.1696,0.0335,0.226
0.013551,0.1964,-0.2191,-0.0209,0.295
0.014150,0.2155,-0.2646,-0.0209,0.342
0.014327,0.2203,-0.3005,-0.0233,0.373
0.014465,0.2323,-0.2862,-0.0449,0.371
0.014721,0.2371,-0.2502,-0.0449,0.348
0.031980,0.2331,-0.2224,-0.0528,0.326
0.032743,0.2116,-0.1984,-0.0432,0.293
0.033171,0.1852,-0.1649,-0.0528,0.254
0.033382,0.1709,-0.1410,-0.0719,0.233
0.052033,0.2554,-0.1407,-0.0832,0.303
0.052923,0.2530,-0.1503,-0.0856,0.306
0.053302,0.2410,-0.1479,-0.0617,0.289
0.053475,0.2290,-0.1407,-0.0593,0.275
0.053600,0.2219,-0.1431,-0.0545,0.270
0.094664,0.0208,-0.1741,0.0572,0.184
0.095219,0.0184,-0.1741,0.0524,0.183
0.095521,0.0136,-0.1836,0.0500,0.191
0.095798,0.0089,-0.1765,0.0476,0.183
0.096065,0.0017,-0.1813,0.0428,0.186
0.117023,-0.0416,-0.0814,-0.0783,0.120
0.117757,-0.0464,-0.0622,-0.0998,0.126
0.117996,-0.0535,-0.0431,-0.1094,0.129
0.132251,-0.0995,0.0758,-0.0933,0.156
0.132976,-0.1091,0.0901,-0.0933,0.169
0.133241,-0.1115,0.0997,-0.1004,0.180
0.133469,-0.1186,0.1069,-0.0956,0.186
0.133703,-0.1258,0.1045,-0.1004,0.192
0.173882,-0.1006,0.0877,-0.0911,0.162
0.216431,-0.0343,-0.0364,-0.1625,0.170
0.217068,-0.0319,-0.0388,-0.1553,0.163
0.217240,-0.0343,-0.0603,-0.1481,0.164
0.217382,-0.0295,-0.0747,-0.1410,0.162
0.217520,-0.0175,-0.0842,-0.1362,0.161
0.231966,0.0092,-0.1225,-0.0933,0.154
0.233536,0.0163,-0.1201,-0.0981,0.156
0.233745,0.0115,-0.1129,-0.0981,0.150
0.252482,-0.0446,-0.0695,-0.0705,0.109
0.253188,-0.0493,-0.0599,-0.0634,0.100
0.253432,-0.0613,-0.0551,-0.0610,0.103
0.253634,-0.0613,-0.0527,-0.0514,0.096
0.253837,-0.0613,-0.0432,-0.0466,0.088
0.296294,-0.0122,-0.1638,-0.0150,0.165
0.296999,-0.0122,-0.1590,-0.0246,0.161
0.297310,-0.0074,-0.1590,-0.0246,0.161
0.333054,0.0098,-0.0540,-0.0824,0.099
0.333723,0.0098,-0.0396,-0.1016,0.110
0.371558,-0.0302,-0.0057,-0.1628,0.166
0.372154,-0.0326,-0.0033,-0.1460,0.150
0.372325,-0.0326,-0.0081,-0.1604,0.164
0.372481,-0.0278,-0.0129,-0.1508,0.154
0.372636,-0.0230,-0.0129,-0.1388,0.141
0.382069,-0.0221,0.0024,-0.1480,0.150
0.383568,-0.0173,0.0120,-0.1480,0.149
0.383817,-0.0149,0.0120,-0.1240,0.126
0.383947,-0.0077,0.0240,-0.1121,0.115
0.413256,0.0777,-0.0814,-0.0125,0.113
0.451880,0.1407,-0.1679,-0.0312,0.221
0.452645,0.1431,-0.1727,-0.0336,0.227
0.452908,0.1360,-0.1871,-0.0528,0.237
0.453147,0.1360,-0.1919,-0.0552,0.242
0.453386,0.1360,-0.1966,-0.0671,0.248
0.462047,0.1459,-0.1865,-0.0795,0.250
0.462844,0.1507,-0.1865,-0.0891,0.256
0.463150,0.1459,-0.1961,-0.1035,0.265
0.463426,0.1579,-0.2104,-0.1035,0.283
0.491898,0.1682,-0.0494,-0.0243,0.177
0.492541,0.1467,-0.0494,-0.0291,0.157
0.492715,0.1179,-0.0398,-0.0123,0.125
0.492887,0.1012,-0.0207,0.0044,0.103
0.493043,0.0868,-0.0159,0.0212,0.091
0.532120,-0.0645,-0.0514,0.0275,0.087
0.532697,-0.0526,-0.0538,0.0275,0.080
0.532866,-0.0598,-0.0514,0.0107,0.080
0.533005,-0.0693,-0.0442,0.0059,0.082
0.533133,-0.0526,-0.0466,0.0059,0.071
0.573881,0.0333,0.1065,0.1821,0.214
0.574864,0.0309,0.1160,0.2084,0.241
0.575143,0.0333,0.1089,0.2228,0.250
0.575408,0.0381,0.1065,0.2180,0.246
0.575668,0.0405,0.1041,0.2252,0.251
0.617895,0.0825,0.0148,0.3140,0.325
0.618911,0.1017,-0.0092,0.3236,0.339
0.653033,0.2768,0.2476,0.1819,0.414
0.653726,0.2720,0.2860,0.1675,0.429
0.692270,0.7855,0.0473,0.6382,1.013
0.734686,0.3317,-0.5543,0.5345,0.838
0.771287,-0.1764,-0.7536,0.3194,0.837
0.781648,-0.1152,-0.7990,0.2985,0.861
0.782236,-0.0601,-0.8493,0.3224,0.910
0.782372,0.0357,-0.9331,0.3416,0.994
0.782485,0.0213,-0.9810,0.3416,1.039
0.812183,-0.0352,-0.7816,0.2691,0.827
0.812877,-0.0616,-0.7002,0.2955,0.762
0.851202,0.0432,-0.0883,0.3165,0.331
0.851843,0.0744,-0.0715,0.3093,0.326
0.852349,0.3282,-0.0955,0.3045,0.458
0.852637,0.6442,-0.0667,0.2279,0.687
0.852813,0.4024,-0.0667,0.1704,0.442
0.881199,0.2448,0.3264,0.3523,0.539
0.881947,0.2185,0.3288,0.3427,0.523
0.892311,0.1735,0.1504,0.4197,0.478
0.893040,0.1328,0.0977,0.4341,0.464
0.893342,0.1161,0.0546,0.4532,0.471
0.893663,0.0419,-0.0100,0.4843,0.486
0.893931,0.1783,-0.0531,0.5131,0.546
0.932041,-0.0309,-0.5151,0.2146,0.559
0.932560,-0.0692,-0.5439,0.1931,0.581
0.973094,0.2069,0.5141,-0.1585,0.576
0.974007,-0.0636,0.5884,-0.2016,0.625
0.981366,-0.1744,0.6589,-0.2331,0.720
0.982627,0.0076,0.7451,-0.2331,0.781
0.983035,0.1943,0.7978,-0.2067,0.847
0.983316,-0.0738,0.7906,-0.2307,0.827
0.994468,-0.2246,0.7849,-0.2537,0.855
0.995519,-0.1816,0.7681,-0.2154,0.818
0.995857,-0.1289,0.7298,-0.2058,0.769
1.018528,-0.3381,0.0946,0.0432,0.354
1.051994,-0.2323,-0.4569,-0.2710,0.580
1.052966,-0.2610,-0.4665,-0.3022,0.614
1.091792,-1.0682,-0.9819,-0.4251,1.512
1.092346,-1.0730,-0.9915,-0.3940,1.513
1.132408,-1.5685,-0.4401,0.1006,1.632
1.133031,-1.6021,-0.4018,0.1246,1.656
1.171444,-1.6644,0.0622,0.5848,1.765
1.172233,-1.6620,0.1269,0.6087,1.775
1.173220,-1.6644,0.1891,0.6470,1.796
1.173570,-1.6811,0.2322,0.6638,1.822
1.173850,-1.6907,0.2753,0.6997,1.850
1.218897,-1.3941,0.5847,0.6569,1.648
1.219486,-1.3797,0.5655,0.6569,1.629
1.219618,-1.3582,0.5439,0.6473,1.600
1.219891,-1.3246,0.5535,0.6329,1.569
1.220068,-1.3151,0.5511,0.6257,1.557
1.232342,-1.1003,0.4277,0.6309,1.339
1.233090,-1.0644,0.3822,0.6381,1.299
1.233245,-1.0333,0.3319,0.6022,1.241
1.251626,-0.7798,-0.0218,0.5477,0.953
1.252450,-0.6816,-0.0625,0.5549,0.881
1.252717,-0.1405,0.0572,0.6458,0.663
1.252943,0.3192,0.2224,0.7129,0.812
1.253172,0.1444,0.2296,0.6530,0.707
1.280415,-0.5476,-0.5952,0.0607,0.811
1.281191,-0.4399,-0.5856,0.0512,0.734
1.291626,-0.2004,-0.4512,-0.0289,0.495
1.292245,-0.1981,-0.4345,-0.0456,0.480
1.292363,-0.1813,-0.4153,-0.0456,0.455
1.292488,-0.1669,-0.3938,-0.0528,0.431
1.292594,-0.1741,-0.3794,-0.0624,0.422
1.333346,-0.4973,-0.8286,-0.3315,1.022
1.334245,-0.4183,-0.8118,-0.3028,0.962
1.334498,-0.5452,-0.7663,-0.3818,1.015
1.373382,-0.5455,-0.0487,-0.3450,0.647
1.421016,-0.5916,0.2583,-0.6451,0.913
1.421725,-0.5916,0.2416,-0.6523,0.913
1.421855,-0.6132,0.2153,-0.6642,0.929
1.422508,-0.6227,0.2129,-0.6594,0.932
1.423515,-0.6275,0.1985,-0.6427,0.920
1.451981,-0.2756,0.2108,-0.0510,0.351
1.452910,-0.2421,0.2108,-0.0056,0.321
1.453135,-0.2325,0.2203,0.0208,0.321
1.453348,-0.2110,0.2227,0.0471,0.310
1.453577,-0.1942,0.2251,0.0615,0.304
1.492220,0.2241,0.1536,0.0286,0.273
1.493157,0.2744,0.1488,0.0286,0.313
1.493476,0.2935,0.1512,0.0286,0.331
1.493732,0.3390,0.1416,0.0070,0.367
1.494039,0.3773,0.1344,0.0022,0.401
1.534918,0.7840,0.1776,-0.1143,0.812
1.535914,0.7745,0.1919,-0.1286,0.808
1.536205,0.7816,0.1967,-0.1382,0.818
1.536480,0.7864,0.1967,-0.1550,0.825
1.536736,0.7792,0.2015,-0.1885,0.827
1.551807,0.6923,0.2358,-0.2806,0.783
1.552636,0.6684,0.2430,-0.3021,0.773
1.552912,0.6516,0.2502,-0.2853,0.754
1.571614,0.4597,0.3818,0.0137,0.598
1.573091,0.4358,0.4034,0.0496,0.596
1.602140,0.0405,0.6624,0.2049,0.695
1.602817,-0.0193,0.6912,0.2192,0.725
1.622783,-0.5202,0.7823,0.2657,0.976
1.623843,-0.5609,0.7847,0.2776,1.004
1.624025,-0.6325,0.8045,0.2734,1.059
1.624382,-0.7402,0.7829,0.2638,1.109
1.624932,-0.8408,0.7614,0.2518,1.162
1.625920,-0.9174,0.7614,0.2494,1.218
1.651306,-1.6878,0.8070,0.0100,1.871
1.652247,-1.7500,0.8261,-0.0187,1.935
1.652582,-1.8027,0.8572,-0.0378,1.996
1.652927,-1.8625,0.9003,-0.0474,2.069
1.653298,-1.9296,0.9410,-0.0738,2.148
1.681017,-1.9634,1.4660,0.0157,2.450
1.681982,-1.8964,1.4804,-0.0059,2.406
1.692386,-1.5094,1.6890,0.0508,2.266
1.693270,-1.4184,1.7392,0.0604,2.245
1.693849,-1.3202,1.7728,0.0484,2.211
1.694394,-1.2197,1.8039,0.0197,2.178
1.695176,-1.1215,1.8230,-0.0019,2.140
1.705428,-1.0048,1.8523,-0.0511,2.108
1.706439,-0.8971,1.8714,-0.1014,2.078
1.707325,-0.8133,1.8786,-0.1636,2.054
1.709944,-0.7199,1.8786,-0.2259,2.024
1.733860,0.3717,1.4696,-1.0628,1.851
1.735707,0.4698,1.4001,-1.1131,1.849
1.736384,0.5872,1.3379,-1.1658,1.869
1.736601,0.7093,1.2708,-1.2376,1.910
1.737078,0.8290,1.1799,-1.2927,1.937
1.772066,2.8505,-0.2880,-1.1038,3.070
1.772709,2.8816,-0.3383,-1.0894,3.099
1.772879,2.9439,-0.4460,-1.0272,3.150
1.773024,2.9990,-0.5466,-0.9841,3.203
1.773145,3.0564,-0.6471,-0.9458,3.264
1.816078,3.2890,-1.9125,-0.4111,3.827
1.816554,3.2794,-1.9676,-0.4087,3.846
1.816680,3.2507,-2.0035,-0.4135,3.841
1.816827,3.2028,-2.0394,-0.3943,3.817
1.816971,3.1645,-2.0753,-0.3967,3.805
1.852011,1.9647,-0.3240,-0.5239,2.059
1.852428,1.8378,-0.1157,-0.5502,1.922
1.860489,1.6931,0.0787,-0.5719,1.789
1.860764,1.5112,0.2655,-0.6007,1.648
1.860935,1.4154,0.3517,-0.6294,1.588
1.861122,1.2526,0.5097,-0.7443,1.544
1.892161,-0.3951,3.1396,-0.7042,3.242
1.892838,-0.4071,3.2258,-0.6707,3.320
1.935544,0.6213,0.8017,-0.0109,1.014
1.936438,0.6955,0.6724,0.0082,0.967
1.951232,1.0466,0.0234,0.0642,1.049
1.952006,1.0921,-0.0724,0.0594,1.096
1.952248,1.1424,-0.1657,0.0618,1.156
1.971654,1.3188,-0.9314,0.0187,1.615
1.972712,1.3308,-1.0104,0.0187,1.671
1.991290,1.2290,-1.2986,-0.0267,1.788
1.992095,1.1955,-1.3393,-0.0243,1.795
1.992526,1.1571,-1.3800,-0.0219,1.801
2.025511,0.8523,-1.5642,-0.0510,1.782
2.026482,0.8140,-1.5762,-0.0486,1.775
2.027153,0.7757,-1.5810,-0.0438,1.762
2.027479,0.7445,-1.5930,-0.0366,1.759
2.027798,0.7302,-1.5930,-0.0366,1.753
2.028075,0.7017,-1.5959,-0.0432,1.744
2.028424,0.6705,-1.5935,-0.0456,1.729
2.028640,0.6562,-1.5983,-0.0432,1.728
2.028977,0.6298,-1.5863,-0.0695,1.708
2.041163,0.5236,-1.4910,-0.0276,1.580
2.042007,0.5212,-1.4694,-0.0061,1.559
2.053011,0.6967,-1.3698,0.1452,1.544
2.053887,0.7398,-1.3698,0.1931,1.569
2.092811,0.9969,-0.6375,-0.0238,1.184
2.133123,0.8659,-0.2768,-0.1896,0.929
2.133789,0.8827,-0.2888,-0.1704,0.944
2.133900,0.8995,-0.3127,-0.1441,0.963
2.134154,0.9066,-0.3462,-0.1153,0.977
2.134299,0.9210,-0.3726,-0.1010,0.999
2.160841,0.9764,-0.8092,0.0954,1.272
2.161836,0.9716,-0.8355,0.1169,1.287
2.172127,0.9180,-1.0240,0.1888,1.388
2.173111,0.9061,-1.0407,0.2080,1.395
2.181000,0.9059,-1.0543,0.2140,1.406
2.181698,0.8772,-1.0638,0.2092,1.395
2.181969,0.8628,-1.0615,0.2068,1.383
2.182189,0.8533,-1.0662,0.2020,1.380
2.225918,0.8197,-0.7533,0.1734,1.127
2.227166,0.8178,-0.6982,0.1703,1.089
2.227427,0.8250,-0.6383,0.1608,1.055
2.227610,0.8346,-0.5856,0.1560,1.031
2.227820,0.8417,-0.5258,0.1512,1.004
2.240518,0.9471,0.1486,0.0279,0.959
2.241458,0.9639,0.2060,0.0135,0.986
2.251593,1.0184,0.4003,-0.0406,1.095
2.252160,1.0447,0.4482,-0.0430,1.138
2.252400,1.0638,0.4913,-0.0334,1.172
2.252619,1.0998,0.5248,-0.0358,1.219
2.253016,1.1045,0.5559,-0.0238,1.237
2.271264,1.1736,0.6645,0.0945,1.352
2.272130,1.1736,0.6693,0.1184,1.356
2.272875,1.1880,0.6597,0.1543,1.368
2.292433,0.8147,0.4383,0.3870,1.003
2.293271,0.7572,0.4144,0.4182,0.959
2.323751,0.0334,0.1057,0.8066,0.814
2.324568,-0.0288,0.0866,0.8593,0.864
2.333767,-0.2579,0.0045,0.9793,1.013
2.334689,-0.3034,-0.0147,1.0392,1.083
2.334834,-0.3656,-0.0386,1.0919,1.152
2.334969,-0.4231,-0.0530,1.1278,1.206
2.335272,-0.4662,-0.0698,1.1900,1.280
2.370959,-1.1544,-0.0812,1.8468,2.179
2.371686,-1.1903,-0.0668,1.8899,2.234
2.371860,-1.2358,-0.0429,1.9018,2.268
2.372019,-1.2621,-0.0357,1.9329,2.309
2.372463,-1.2621,-0.0189,1.9569,2.329
2.420128,-1.7671,0.8358,0.3798,1.991
2.421140,-1.7576,0.9842,0.2601,2.031
2.452671,1.0951,3.2662,0.6267,3.501
2.453883,1.2914,3.2495,0.6339,3.554
2.491581,3.4356,2.1924,-0.8122,4.156
2.492717,3.4715,2.0583,-0.8553,4.125
2.493265,3.4834,1.9123,-0.8912,4.073
2.493568,3.4834,1.7543,-0.9176,4.007
2.493995,3.4834,1.5963,-0.9415,3.946
2.522611,3.6375,0.9032,-0.8979,3.854
2.523945,3.6327,0.7787,-0.8619,3.814
2.524221,3.6087,0.6686,-0.8236,3.761
2.532831,2.5572,-0.5667,-0.7213,2.717
2.571977,-0.0288,-1.6700,-1.4170,2.190
2.631635,-1.4343,-1.6171,-2.5621,3.352
2.632999,-1.4607,-1.5740,-2.6196,3.387
2.633402,-1.4822,-1.5022,-2.6843,3.414
2.633858,-1.4942,-1.4304,-2.7585,3.448
2.634225,-1.4870,-1.3370,-2.7968,3.438
2.652659,-0.5856,0.2631,-2.5639,2.643
2.653435,-0.4779,0.3325,-2.5017,2.569
2.692471,1.0196,0.8933,-1.3905,1.942
2.693305,1.0890,0.8957,-1.3379,1.944
2.740426,1.6319,0.7700,-0.5380,1.883
2.741441,1.6846,0.7676,-0.4949,1.916
2.741718,1.9799,0.5885,-0.3307,2.092
2.741867,2.0086,0.5622,-0.3403,2.113
2.772434,1.3616,-0.4696,-0.8165,1.656
2.812772,-0.5270,-0.9321,-1.0106,1.472
2.851123,-1.3863,-0.8618,-0.6232,1.747
2.851807,-1.4174,-0.8450,-0.5968,1.755
2.851970,-1.4462,-0.8450,-0.5849,1.774
2.852255,-1.4749,-0.8354,-0.5872,1.794
2.852420,-1.4964,-0.8282,-0.5585,1.799
2.890715,-1.8930,-0.9078,-0.1103,2.102
2.891556,-1.9193,-0.9006,-0.0887,2.122
2.891758,-1.9384,-0.8887,-0.0576,2.133
2.891917,-1.9624,-0.8647,-0.0265,2.145
2.892019,-1.9791,-0.8504,-0.0121,2.154
2.931497,-2.0495,-0.4208,0.1176,2.096
2.932225,-2.0183,-0.3993,0.1224,2.061
2.932367,-1.9681,-0.3873,0.1224,2.010
2.932477,-1.9274,-0.3777,0.1296,1.968
2.932775,-1.8890,-0.3562,0.1344,1.927
2.942718,-1.8284,-0.3420,0.1511,1.866
2.943868,-1.7805,-0.3276,0.1439,1.816
2.944073,-1.7398,-0.3156,0.1535,1.775
2.944238,-1.6919,-0.3108,0.1751,1.729
2.972498,-0.9440,-0.3985,0.0697,1.027
2.973706,-0.8913,-0.4153,0.0673,0.986
2.973975,-0.8411,-0.4345,0.0457,0.948
3.011729,-0.0125,-0.7888,-0.6075,0.996
3.051407,0.1039,-0.4923,-0.7192,0.878
3.053232,0.1110,-0.4061,-0.6713,0.792
3.053702,0.1158,-0.3247,-0.6306,0.719
3.053962,0.1398,-0.2217,-0.5875,0.643
3.054216,0.1493,-0.1212,-0.5588,0.591
3.071538,0.1936,0.4630,-0.4097,0.648
3.073014,0.1912,0.5588,-0.3858,0.705
3.073393,0.1816,0.6354,-0.3619,0.753
3.090960,-0.0395,1.0406,0.0300,1.042
3.091773,-0.0922,1.0406,0.0635,1.047
3.136991,-1.4242,0.7842,-0.2734,1.649
3.138067,-1.5152,0.7937,-0.4123,1.759
3.138456,-1.6014,0.8512,-0.5583,1.898
3.139328,-1.6852,0.9158,-0.7139,2.047
3.139785,-1.7642,1.0116,-0.8552,2.206
3.171253,-1.3149,2.9370,0.9630,3.359
3.172825,-1.1761,2.9346,0.9869,3.312
3.200640,0.2205,2.8274,0.3920,2.863
3.201716,0.2804,2.8274,0.2866,2.856
3.215373,0.6409,2.4326,-0.3184,2.536
3.250663,1.3084,0.4505,-0.9766,1.694
3.251430,1.3468,0.3068,-1.0269,1.721
3.251693,1.3827,0.1608,-1.0700,1.756
3.252135,1.4186,0.0123,-1.1059,1.799
3.252472,1.4425,-0.1289,-1.1537,1.852
3.291642,2.1044,-1.9893,-0.9705,3.054
3.292651,2.1140,-2.0228,-0.9466,3.075
3.311484,2.1634,-1.9420,-0.8350,3.025
3.312469,2.1610,-1.8821,-0.8278,2.983
3.313013,2.1658,-1.8127,-0.7943,2.934
3.341441,1.9277,-0.8729,-0.5778,2.194
3.342401,1.8703,-0.6981,-0.5539,2.072
3.342706,1.8104,-0.5281,-0.5491,1.964
3.342934,1.7505,-0.3414,-0.5299,1.861
3.343069,1.6811,-0.1331,-0.4940,1.757
3.343287,1.5944,0.0706,-0.4726,1.664
3.343491,1.5130,0.2789,-0.4463,1.602
3.343688,1.4364,0.4944,-0.4439,1.583
3.343833,1.3597,0.7242,-0.4200,1.597
3.371509,0.7739,2.8354,-0.3850,2.964
3.373320,0.8098,2.9383,-0.3491,3.068
3.373811,0.8338,2.9982,-0.3347,3.130
3.374173,0.8649,3.0341,-0.3060,3.170
3.374643,0.8888,3.0365,-0.3012,3.178
3.380080,0.8862,3.0114,-0.3352,3.157
3.380698,0.9198,2.9420,-0.3328,3.100
3.381076,0.9437,2.9037,-0.3209,3.070
3.381463,0.9988,2.8055,-0.3185,2.995
3.411622,1.6924,0.3648,-0.0630,1.732
3.451573,1.3637,-1.6605,-0.0199,2.149
3.453856,1.2823,-1.7443,-0.0270,2.165
3.455172,1.2105,-1.8328,-0.0055,2.197
3.455783,1.1315,-1.9214,-0.0055,2.230
3.456332,1.0621,-2.0196,-0.0127,2.282
3.494625,0.3266,-2.7271,0.3677,2.771
3.495841,0.2907,-2.7223,0.3820,2.764
3.496243,0.2572,-2.7295,0.3964,2.770
3.496626,0.2309,-2.7151,0.4108,2.756
3.497102,0.2117,-2.6935,0.4299,2.736
3.530632,0.1796,-1.8405,0.8038,2.016
3.531691,0.1940,-1.7495,0.8302,1.946
3.531955,0.2084,-1.6993,0.8493,1.911
3.532117,0.2203,-1.6011,0.8733,1.837
3.532265,0.2562,-1.5005,0.8996,1.768
3.571587,0.4399,-0.4408,0.9814,1.162
3.573241,0.5021,-0.3858,1.0054,1.188
3.573599,0.5811,-0.3187,1.0245,1.220
3.573915,0.6434,-0.2685,1.0437,1.255
3.574200,0.6984,-0.2086,1.0461,1.275
3.612214,0.8162,0.0711,0.9239,1.235
3.651763,0.0837,-0.8905,0.6363,1.098
3.692581,0.0250,-0.6900,0.8549,1.099
3.693932,0.0465,-0.6445,0.8668,1.081
3.694295,0.0705,-0.6086,0.8836,1.075
3.707095,0.0921,-0.5461,0.8598,1.023
3.707881,0.1112,-0.4934,0.8622,1.000
3.708237,0.1352,-0.4288,0.8430,0.955
3.708542,0.1519,-0.3665,0.8478,0.936
3.735510,0.2160,0.1558,0.7747,0.819
3.736478,0.2232,0.2564,0.7962,0.866
3.736733,0.2746,1.0926,0.9155,1.452
3.772176,0.3049,1.5551,1.5790,2.237
3.774090,0.3216,1.4785,1.6532,2.241
3.774446,0.3479,1.3995,1.7322,2.254
3.774843,0.3767,1.3205,1.8016,2.265
3.775229,0.3839,1.2798,1.8399,2.274
3.811436,0.1146,1.6891,0.2217,1.707
3.853081,0.4373,3.9143,-0.6667,3.995
3.890384,1.5659,0.9559,-0.3574,1.869
3.891474,1.5611,0.6590,-0.3574,1.732
3.901795,1.5676,0.3830,-0.3951,1.661
3.902272,1.5772,0.2393,-0.4023,1.645
3.902765,1.5748,-0.0288,-0.4310,1.633
3.902968,1.5796,-0.2755,-0.4741,1.672
3.930842,0.9803,-2.3284,-1.2287,2.809
3.931861,0.9348,-2.3786,-1.2694,2.854
3.932010,0.8271,-2.4696,-1.3389,2.928
3.932118,0.7193,-2.5582,-1.4059,3.006
3.932215,0.6212,-2.6348,-1.4873,3.089
3.969835,-1.4109,-2.4079,-2.8304,3.975
3.970414,-1.5306,-2.3265,-2.8758,4.003
3.970747,-1.6503,-2.2427,-2.9046,4.024
3.970894,-1.7436,-2.1445,-2.9405,4.036
3.970996,-1.8107,-2.0344,-2.9501,4.015
3.980622,-1.8917,-1.9137,-2.9709,4.008
3.981746,-1.9611,-1.7844,-2.9781,3.987
3.981861,-2.0042,-1.6503,-2.9685,3.944
3.981976,-2.0378,-1.5043,-2.9613,3.897
4.013188,-0.8873,0.7939,-2.3913,2.671
4.019958,-0.7546,0.8999,-2.2972,2.580
4.020275,-0.5630,1.0100,-2.2110,2.495
4.020389,-0.4744,1.0699,-2.1607,2.457
4.020472,-0.2805,1.1728,-2.0673,2.393
4.030049,0.1001,1.3488,-1.8075,2.258
4.030715,0.3132,1.4566,-1.6902,2.253
4.030960,0.5358,1.5643,-1.5801,2.287
4.050529,2.7216,2.4054,-0.4916,3.665
4.051108,2.9035,2.4365,-0.4341,3.815
4.090796,2.6297,0.3797,-0.1152,2.659
4.091159,2.4741,0.1978,-0.1248,2.485
4.130409,0.0256,-2.0215,-0.9580,2.237
4.130938,-0.1276,-2.1148,-1.0466,2.363
4.131128,-0.2689,-2.2010,-1.1208,2.485
4.131205,-0.4006,-2.2872,-1.2022,2.615
4.131285,-0.5275,-2.3591,-1.2789,2.735
4.140533,-0.6487,-2.4362,-1.3391,2.855
4.140822,-0.7756,-2.5033,-1.4038,2.973
4.140944,-0.8881,-2.5631,-1.4684,3.085
4.141077,-0.9503,-2.5918,-1.4996,3.142
4.170274,-1.6819,-2.9032,-1.8493,3.831
4.170870,-1.6843,-2.8936,-1.8565,3.828
4.171015,-1.6962,-2.8673,-1.8589,3.815
4.171120,-1.6914,-2.8601,-1.8469,3.802
4.171245,-1.6795,-2.8242,-1.8134,3.753
4.209886,-1.2321,-0.9224,-0.8862,1.776
4.210412,-1.1962,-0.7404,-0.8119,1.624
4.219995,-1.1967,-0.5756,-0.7587,1.529
4.220328,-1.1679,-0.4032,-0.6988,1.420
4.220410,-1.1464,-0.2284,-0.6581,1.341
4.220492,-1.1177,-0.0561,-0.6222,1.280
4.250642,-1.0548,1.4121,-0.0829,1.764
4.251163,-1.0644,1.4025,-0.0518,1.761
4.289832,-1.1911,-0.3671,-0.1734,1.258
4.290489,-1.1791,-0.4652,-0.1949,1.283
4.330078,-0.5499,-1.3104,-0.6579,1.566
4.330921,-0.5020,-1.3343,-0.6675,1.574
4.331336,-0.4469,-1.3583,-0.6675,1.578
4.331443,-0.3871,-1.3774,-0.6699,1.580
4.332035,-0.3392,-1.3918,-0.6723,1.582
4.369615,0.4540,-1.1838,-0.6899,1.443
4.370113,0.4780,-1.1263,-0.6875,1.403
4.370399,0.4971,-1.0665,-0.6899,1.364
4.370486,0.5234,-0.9946,-0.6660,1.306
4.370755,0.5426,-0.9084,-0.6444,1.239
4.380335,0.5553,-0.8270,-0.5876,1.157
4.380828,0.5673,-0.7384,-0.5445,1.079
4.381241,0.5745,-0.6355,-0.4894,0.987
4.381687,0.5840,-0.5445,-0.4224,0.903
4.390495,0.5763,-0.3983,-0.3373,0.778
4.390997,0.5571,-0.2906,-0.2774,0.687
4.391081,0.5236,-0.1853,-0.2223,0.598
4.410820,-0.1709,1.0681,0.2219,1.104
4.429788,-0.6670,1.5312,0.3501,1.706
4.431710,-0.7748,1.5982,0.3716,1.815
4.431869,-0.8921,1.6605,0.3860,1.924
4.449671,-1.8722,1.9575,0.4643,2.748
4.450197,-2.0158,1.9718,0.4547,2.856
4.450348,-2.1595,1.9838,0.4379,2.965
4.450462,-2.3007,1.9838,0.4140,3.066
4.450713,-2.4468,1.9742,0.3852,3.167
4.460048,-2.5838,1.9581,0.3369,3.259
4.460435,-2.7227,1.9413,0.2914,3.357
4.460592,-2.8496,1.9150,0.2651,3.443
4.460695,-2.9741,1.8839,0.2052,3.526
4.490151,-3.2413,1.8113,-0.5413,3.752
4.490928,-3.1982,1.8664,-0.4288,3.728
4.491121,-3.1455,1.9143,-0.2660,3.692
4.491251,-3.0737,1.9430,-0.0912,3.637
4.491371,-2.9971,1.9621,0.0836,3.583
4.529471,-0.2281,1.7942,-0.1525,1.815
4.530003,-0.0509,1.8086,-0.2459,1.826
4.530178,0.1359,1.8397,-0.3225,1.873
4.530248,0.2939,1.8804,-0.4230,1.950
4.530321,0.4543,1.9139,-0.5380,2.039
4.569787,2.3312,1.6842,-1.2918,3.153
4.570580,2.3839,1.6291,-1.3133,3.172
4.570765,2.4725,1.5190,-1.3756,3.211
4.570914,2.5683,1.3897,-1.4091,3.242
4.571033,2.6664,1.2436,-1.4618,3.285
4.609847,2.8874,-0.5093,-1.2843,3.201
4.610412,2.8491,-0.6027,-1.2508,3.169
4.610607,2.8299,-0.6936,-1.1957,3.150
4.610782,2.7892,-0.7894,-1.1526,3.120
4.610881,2.7390,-0.8660,-1.1047,3.078
4.649896,2.0795,-1.5107,-0.7129,2.667
4.650470,2.0053,-1.4820,-0.7009,2.590
4.650648,1.9047,-1.4533,-0.7272,2.504
4.650755,1.8089,-1.4030,-0.7344,2.404
4.650820,1.6988,-1.3551,-0.7368,2.295
4.689619,-0.1429,0.8886,-0.8592,1.244
4.690056,-0.2530,1.0873,-0.8280,1.390
4.690238,-0.3081,1.1855,-0.8233,1.476
4.690348,-0.3823,1.3842,-0.8185,1.653
4.690446,-0.4206,1.5805,-0.7945,1.818
4.729759,-0.2324,1.8797,-0.1316,1.899
4.730177,-0.1581,1.7839,-0.0885,1.793
4.730263,-0.0791,1.6786,-0.0694,1.682
4.769597,0.0471,-0.7389,0.1072,0.748
4.770161,0.0328,-0.8442,0.0737,0.848
4.790195,-0.1113,-1.2982,0.1135,1.308
4.790648,-0.1448,-1.3844,0.1302,1.398
4.790799,-0.1855,-1.4586,0.1518,1.478
4.799002,-0.2628,-1.6809,0.2726,1.723
4.799202,-0.2963,-1.7600,0.2894,1.808
4.810231,-0.4993,-2.1755,0.4655,2.280
4.819459,-0.5076,-2.2104,0.4857,2.319
4.819986,-0.5267,-2.2415,0.4809,2.352
4.820159,-0.5435,-2.2654,0.4857,2.380
4.820317,-0.5507,-2.2702,0.4929,2.387
4.849741,-0.2147,-2.2170,0.5820,2.302
4.850859,-0.1285,-2.2122,0.6084,2.298
4.851137,-0.0495,-2.2074,0.6108,2.291
4.851390,0.0510,-2.1859,0.6227,2.273
4.851592,0.1420,-2.1548,0.6347,2.251
4.890223,1.3539,-1.4837,0.6549,2.113
4.891475,1.3946,-1.4406,0.6333,2.103
4.891779,1.4401,-1.3831,0.6070,2.087
4.892178,1.4808,-1.3400,0.5783,2.079
4.892463,1.5239,-1.2873,0.5400,2.067
4.919455,1.6317,-0.7589,0.2383,1.815
4.920376,1.6173,-0.7158,0.2287,1.783
4.933119,1.5551,-0.5721,0.2654,1.678
4.933598,1.5479,-0.5458,0.2798,1.665
4.933708,1.5335,-0.5218,0.3037,1.648
4.933800,1.5096,-0.5146,0.3492,1.633
4.933911,1.4952,-0.5123,0.3708,1.623
4.970280,0.2525,-0.8346,0.5812,1.048
5.011975,-0.6686,-0.0940,1.0497,1.248
5.051359,-0.7625,0.6005,0.8571,1.295
5.052754,-0.7505,0.6579,0.8379,1.303
5.053012,-0.7481,0.7393,0.8283,1.339
5.053236,-0.7385,0.8064,0.8212,1.367
5.053461,-0.7218,0.8950,0.8164,1.410
5.091235,-0.2936,1.5996,1.7288,2.374
5.100935,-0.2893,1.5573,1.7773,2.381
5.101577,-0.2678,1.4855,1.8467,2.385
5.102002,-0.2606,1.4017,1.9113,2.385
5.102437,-0.2534,1.3155,1.9760,2.387
5.130231,-0.7804,-0.1010,1.3705,1.580
5.171231,-1.6493,2.1732,-0.1087,2.730
5.172687,-1.6349,2.3456,-0.0776,2.860
5.173019,-1.6301,2.5012,-0.0848,2.987
5.173364,-1.6253,2.6592,-0.0656,3.117
5.173541,-1.5990,2.7957,-0.0584,3.221
5.210862,1.3958,3.3191,-1.2773,3.820
5.211999,1.5515,3.1275,-1.3587,3.746
5.251122,2.9356,-0.9082,-2.4441,3.926
5.252570,2.9524,-1.0949,-2.4680,4.001
5.290659,1.3707,-2.3537,-2.3842,3.620
5.292191,1.2078,-2.3513,-2.3674,3.549
5.292784,1.0426,-2.3321,-2.3291,3.457
5.293389,0.8511,-2.3178,-2.2836,3.363
5.293841,0.6715,-2.2890,-2.2501,3.279
5.330795,-0.5611,0.0481,-1.6879,1.779
5.331883,-0.5251,0.1199,-1.6688,1.754
5.371087,1.3623,1.9178,-0.7747,2.477
5.372174,1.4988,1.9992,-0.7268,2.602
5.372677,1.6401,2.0543,-0.7004,2.720
5.372996,1.7574,2.0902,-0.6430,2.806
5.373389,1.8747,2.1261,-0.6047,2.898
5.411441,1.7590,0.2729,-0.5410,1.860
5.412603,1.6393,0.0934,-0.5673,1.737
5.433662,0.9806,-0.8286,-0.6337,1.432
5.434256,0.8656,-0.9914,-0.6552,1.470
5.434440,0.7316,-1.1422,-0.6959,1.525
5.440126,0.3820,-1.5906,-0.7474,1.798
5.441406,0.2575,-1.7270,-0.7762,1.911
5.451397,-0.6408,-2.5867,-1.0300,2.857
5.490937,-1.3592,-2.9502,-1.2152,3.468
5.530514,-1.0010,-1.4180,-0.6838,1.866
5.531615,-0.9914,-1.2336,-0.6503,1.711
5.532016,-0.9819,-1.0229,-0.6215,1.548
5.532195,-0.9699,-0.8433,-0.5904,1.414
5.532341,-0.9459,-0.6614,-0.5545,1.281
5.570114,-0.8386,1.3766,0.1123,1.616
5.571398,-0.8506,1.4221,0.1219,1.661
5.571888,-0.8602,1.4460,0.1363,1.688
5.572216,-0.8817,1.4556,0.1435,1.708
5.572470,-0.8985,1.4699,0.1411,1.729
5.610423,-1.5578,-0.2036,-0.0854,1.573
5.611925,-1.5650,-0.3209,-0.0902,1.600
5.651139,-1.3573,-1.4143,-0.5780,2.044
5.652988,-1.3310,-1.4359,-0.6091,2.050
5.653611,-1.3094,-1.4646,-0.6378,2.066
5.654043,-1.2759,-1.4862,-0.6738,2.071
5.654531,-1.2520,-1.5053,-0.7073,2.082
5.679126,-0.9271,-1.5838,-0.9900,2.085
5.680349,-0.9199,-1.5575,-0.9924,2.063
5.692998,-0.8238,-1.0919,-0.6720,1.524
5.710336,-0.7369,-0.4967,-0.2580,0.925
5.711287,-0.7417,-0.3769,-0.2006,0.856
5.711564,-0.7417,-0.2548,-0.1527,0.799
5.730376,-0.8465,1.1347,0.7127,1.585
5.731079,-0.8537,1.2735,0.7869,1.723
5.772496,-1.7182,2.3712,1.1520,3.147
5.773833,-1.7948,2.3377,1.1353,3.158
5.774186,-1.8690,2.2898,1.1137,3.159
5.780165,-1.9254,2.2581,1.0699,3.154
5.780911,-1.9757,2.2006,1.0507,3.138
5.781371,-2.0308,2.1312,0.9837,3.104
5.781637,-2.0858,2.0545,0.9214,3.069
5.811309,-1.1285,1.9149,0.2237,2.234
5.812451,-1.0399,1.9508,0.3411,2.237
5.832842,-0.2447,2.0041,0.4028,2.059
5.833538,-0.0843,1.9658,0.3669,2.002
5.833709,0.0785,1.9083,0.3190,1.936
5.851726,2.0035,1.3387,-0.8259,2.547
5.890406,2.7938,0.8313,-1.7296,3.389
5.892149,2.8273,0.7260,-1.7751,3.416
5.892490,2.8585,0.6446,-1.8325,3.456
5.893039,2.8896,0.5680,-1.8756,3.491
5.893520,2.9303,0.4842,-1.9091,3.531
5.931061,2.5691,-0.7979,-1.2336,2.960
5.931981,2.5236,-0.8458,-1.1498,2.899
5.970896,1.3377,-0.3574,-0.7870,1.593
5.972211,1.2061,-0.2449,-0.7774,1.456
5.972640,1.0576,-0.1323,-0.7846,1.323
5.972742,0.9068,-0.0055,-0.7989,1.209
5.972843,0.7560,0.1430,-0.7846,1.099
5.980491,0.5709,0.2939,-0.7624,0.997
5.980951,0.4895,0.3753,-0.7624,0.981
5.981126,0.3171,0.5501,-0.7600,0.990
5.981306,0.1351,0.7177,-0.7528,1.049
6.011063,-1.3134,2.3778,-0.5378,2.769
6.011773,-1.3254,2.3994,-0.5162,2.789
6.012008,-1.3254,2.4233,-0.4611,2.800
6.012220,-1.3158,2.4161,-0.4156,2.782
6.012472,-1.2775,2.3826,-0.3510,2.726
6.028082,-1.2595,2.3326,-0.3084,2.669
6.028609,-1.1686,2.2847,-0.2318,2.577
6.028798,-1.0632,2.2129,-0.1719,2.461
6.028958,-0.9483,2.1411,-0.1049,2.344
6.049655,0.3763,0.9014,0.2395,1.006
6.050361,0.4697,0.7769,0.2395,0.939
6.050774,0.5463,0.6428,0.2372,0.876
6.050953,0.6205,0.5159,0.2348,0.840
6.051188,0.6971,0.3819,0.2156,0.824
6.070073,0.8355,-0.4113,0.0522,0.933
6.070957,0.8307,-0.5381,0.0211,0.990
6.071301,0.8355,-0.6028,0.0139,1.030
6.091094,0.6324,-1.4685,-0.0261,1.599
6.092345,0.5941,-1.5666,-0.0141,1.676
6.092744,0.5390,-1.6624,0.0003,1.748
6.093023,0.4816,-1.7438,0.0218,1.809
6.093342,0.4289,-1.8228,0.0458,1.873
6.099962,0.4042,-1.8998,0.0876,1.944
6.100795,0.3730,-1.9716,0.1116,2.010
6.101236,0.3395,-2.0530,0.1571,2.087
6.101924,0.3180,-2.0841,0.1858,2.116
6.110493,0.2142,-2.1853,0.2470,2.210
6.111346,0.1544,-2.2308,0.2782,2.253
6.111708,0.1017,-2.2691,0.3165,2.293
6.130534,-0.2733,-2.4251,0.5248,2.496
6.131838,-0.3164,-2.4155,0.5343,2.494
6.132338,-0.3475,-2.3988,0.5511,2.486
6.132747,-0.3834,-2.3844,0.5655,2.480
6.133008,-0.3930,-2.3868,0.5703,2.485
6.171589,-0.0554,-1.7800,0.6622,1.900
6.172734,0.0141,-1.7441,0.6814,1.872
6.190367,0.5307,-1.5494,0.7968,1.821
6.191497,0.6265,-1.5183,0.8280,1.839
6.191850,0.7174,-1.4871,0.8495,1.857
6.209985,1.3723,-1.0956,0.7480,1.909
6.210942,1.3987,-1.0501,0.7049,1.886
6.251400,1.4373,-0.5693,1.0451,1.866
6.252709,1.3966,-0.5430,1.0810,1.848
6.292318,-0.5033,-0.3010,0.4558,0.743
6.301884,-0.5915,-0.2983,0.4702,0.812
6.302844,-0.6562,-0.3007,0.5037,0.880
6.303469,-0.7136,-0.3150,0.5684,0.965
6.303769,-0.7998,-0.3318,0.6187,1.064
6.310637,-0.9226,-0.3664,0.6891,1.208
6.311210,-0.9609,-0.3760,0.7417,1.271
6.311551,-1.0064,-0.3928,0.7824,1.334
6.330419,-1.1823,-0.4427,0.9515,1.581
6.331755,-1.1703,-0.4211,0.9683,1.576
6.332033,-1.1487,-0.3900,0.9659,1.551
6.332218,-1.1200,-0.3493,0.9802,1.529
6.332525,-1.0961,-0.3086,0.9778,1.501
6.360770,-0.8993,0.7484,0.9049,1.479
6.361707,-0.8897,0.8849,0.9360,1.565
6.371122,-0.6520,1.6984,1.3434,2.262
6.372672,-0.5946,1.7966,1.4296,2.372
6.411913,0.6867,1.6086,2.5670,3.106
6.412997,0.7585,1.5392,2.4688,3.007
6.413654,0.7920,1.5033,2.4042,2.944
6.414190,0.8495,1.4314,2.2557,2.803
6.415198,0.8974,1.3764,2.0642,2.638
6.452154,1.2718,2.8840,0.7292,3.235
6.491333,0.8691,2.5134,-0.6178,2.730
6.493503,0.8931,2.3506,-0.7160,2.615
6.494048,0.9242,2.1854,-0.7926,2.502
6.494494,0.9553,2.0298,-0.8381,2.395
6.496695,0.9865,1.8574,-0.8908,2.284
6.530151,1.4100,-0.7099,-1.8553,2.436
6.570271,-0.2443,-1.9146,-2.7361,3.348
6.610323,-1.5960,-0.1273,-2.1656,2.693
6.613541,-1.5745,-0.0147,-2.1321,2.651
6.630132,-1.3108,0.4879,-1.8414,2.312
6.630985,-1.2725,0.5190,-1.8127,2.275
6.631317,-1.1911,0.5693,-1.7528,2.194
6.651014,0.0771,0.9040,-0.9497,1.313
6.652539,0.2112,0.9327,-0.8898,1.306
6.690460,1.9037,0.3929,-0.4752,2.001
6.691731,1.8965,0.3043,-0.4896,1.982
6.731156,0.4752,-1.8017,-0.7839,2.021
6.732397,0.3675,-1.8974,-0.8198,2.099
6.771780,-1.1958,-2.7750,-1.2165,3.257
6.773029,-1.2557,-2.7654,-1.2213,3.273
6.773402,-1.3108,-2.7654,-1.2309,3.299
6.811027,-1.6961,-1.7818,-0.8674,2.608
6.812074,-1.7057,-1.6645,-0.8386,2.527
6.812719,-1.7081,-1.5352,-0.7979,2.431
6.813028,-1.7128,-1.4658,-0.7764,2.384
6.813401,-1.7176,-1.3293,-0.7309,2.292
6.851444,-1.8896,0.7790,0.1347,2.048
6.853075,-1.8776,0.8389,0.1539,2.062
6.890976,-1.4019,0.4647,0.3387,1.515
6.892038,-1.3732,0.3857,0.3220,1.462
6.892763,-1.3348,0.2923,0.2909,1.397
6.893215,-1.3013,0.2037,0.2573,1.342
6.893545,-1.2630,0.1103,0.2310,1.289
6.931265,-0.7018,-1.1927,-0.8292,1.613
6.932282,-0.6706,-1.2190,-0.8388,1.625
6.971298,-0.4154,-0.9196,-0.8518,1.321
6.972684,-0.4489,-0.8382,-0.8183,1.254
6.973024,-0.4920,-0.7664,-0.7752,1.196
6.973346,-0.5160,-0.6850,-0.7225,1.121
6.973617,-0.5471,-0.5892,-0.6651,1.043
6.990754,-0.7425,0.0120,-0.3151,0.807
6.992262,-0.8023,0.1269,-0.2648,0.854
6.992605,-0.8454,0.2274,-0.2121,0.901
7.012423,-1.5603,1.4264,0.5493,2.184
7.013370,-1.6441,1.5245,0.6379,2.331
7.050651,-2.7774,1.9083,0.4029,3.394
7.051348,-2.7893,1.8772,0.2712,3.373
7.090056,-1.1671,2.8398,0.8041,3.174
7.091550,-1.0785,2.8757,0.8376,3.183
7.091850,-0.8846,2.9260,0.8472,3.172
7.092146,-0.6835,2.9715,0.8208,3.158
7.092444,-0.4512,2.9906,0.7705,3.121
7.132389,3.0898,2.3044,-0.4338,3.879
7.133410,3.1353,2.2470,-0.5391,3.895
7.133771,3.1616,2.1728,-0.6277,3.887
7.171582,3.1205,-0.0911,-1.4516,3.443
7.173137,3.0678,-0.1725,-1.4875,3.414
7.211318,2.2405,-1.1510,-0.9342,2.686
7.212333,2.1830,-1.1581,-0.9126,2.634
7.212972,2.1495,-1.1557,-0.9174,2.607
7.213421,2.0824,-1.1486,-0.9150,2.548
7.213786,2.0058,-1.1462,-0.9222,2.487
7.222024,1.9278,-1.1354,-0.9065,2.414
7.223102,1.8607,-1.1138,-0.9161,2.354
7.223560,1.7626,-1.0923,-0.9329,2.274
7.223889,1.6716,-1.0492,-0.9616,2.195
7.251511,-0.3437,0.6433,-1.0289,1.261
7.291195,0.1328,1.3038,0.0154,1.311
7.330999,1.5030,-0.5809,0.1634,1.620
7.372231,0.3478,-2.2943,-0.0530,2.321
7.385792,0.2931,-2.3137,-0.0259,2.332
7.387026,0.2308,-2.3425,0.0004,2.354
7.387526,0.1614,-2.3808,0.0196,2.386
7.388004,0.1063,-2.4095,0.0387,2.412
7.410173,-0.2585,-2.4679,0.4966,2.531
7.411074,-0.2489,-2.4607,0.5564,2.535
7.411541,-0.2442,-2.4272,0.6163,2.516
7.411951,-0.2226,-2.4032,0.6666,2.504
7.412305,-0.1891,-2.3745,0.6857,2.479
7.450500,0.8234,-1.4507,0.8673,1.880
7.451427,0.8618,-1.4339,0.8696,1.886
7.459412,0.9158,-1.3921,0.8868,1.888
7.460039,0.9852,-1.3778,0.9036,1.920
7.460342,1.0475,-1.3442,0.8988,1.927
7.460608,1.1145,-1.3203,0.9203,1.958
7.471833,1.2931,-1.2450,0.9702,2.040
7.472749,1.3481,-1.2091,0.9918,2.065
7.489724,1.7262,-0.9986,1.1424,2.298
7.490976,1.7717,-0.9699,1.1615,2.330
7.491445,1.8028,-0.9340,1.1591,2.338
7.491931,1.8315,-0.8909,1.1759,2.352
7.492422,1.8411,-0.8573,1.1639,2.341
7.531461,0.5749,-0.8622,0.9908,1.434
7.570832,-0.5906,-0.4359,1.1243,1.343
7.572313,-0.6385,-0.4048,1.1459,1.373
7.572889,-0.6696,-0.3809,1.1698,1.401
7.573431,-0.7055,-0.3737,1.2009,1.442
7.573918,-0.7223,-0.3402,1.2345,1.470
7.610638,-0.7381,0.5552,1.1202,1.452
7.612514,-0.7286,0.6294,1.1633,1.510
7.613099,-0.7310,0.6916,1.1944,1.562
7.613526,-0.7429,0.7587,1.2304,1.625
7.613944,-0.7405,0.8233,1.2615,1.679
7.651254,-0.6569,1.2582,2.0444,2.489
7.692917,-0.4059,4.3705,-0.5000,4.418
7.731244,1.7527,5.3325,-0.5393,5.639
7.733003,1.8844,5.0404,-0.6136,5.416
7.771904,2.9948,-1.1247,-1.2213,3.424
7.773233,2.8607,-1.4048,-1.2501,3.423
7.810967,0.3633,-3.6551,-2.3355,4.353
7.812331,0.2005,-3.6383,-2.3475,4.335
7.821301,0.0553,-3.5975,-2.3638,4.305
7.823438,-0.0956,-3.5449,-2.3495,4.254
7.824093,-0.1674,-3.5113,-2.3303,4.218
7.824672,-0.2919,-3.4395,-2.2944,4.145
7.850688,-1.2431,-0.8883,-1.4870,2.132
7.852049,-1.2143,-0.6465,-1.4296,1.984
7.891145,0.0317,2.3527,-0.6616,2.444
7.892769,0.1921,2.4629,-0.6353,2.551
7.893266,0.3621,2.5586,-0.6137,2.656
7.893584,0.5177,2.6305,-0.5802,2.743
7.893847,0.6781,2.6975,-0.5443,2.834
7.930829,2.7621,0.6959,-0.4639,2.886
7.931863,2.7597,0.4661,-0.4806,2.840
7.950897,2.7493,0.2217,-0.4642,2.797
7.951629,2.7039,-0.0057,-0.4810,2.746
7.951899,2.6368,-0.2332,-0.5097,2.696
7.952088,2.6009,-0.3433,-0.5241,2.675
7.969751,1.3678,-2.4719,-0.7526,2.924
7.970957,1.2672,-2.5820,-0.8052,2.987
7.971257,1.1547,-2.6945,-0.8387,3.049
7.971852,1.0470,-2.7927,-0.8794,3.109
7.972182,0.9847,-2.8382,-0.8962,3.135
8.010362,-0.4870,-3.3769,-1.5165,3.734
8.049880,-1.3346,-1.9681,-1.0387,2.595
8.050795,-1.3777,-1.8172,-1.0147,2.496
8.050984,-1.4232,-1.6664,-0.9573,2.391
8.051322,-1.4855,-1.5060,-0.9166,2.305
8.051553,-1.5286,-1.3312,-0.8687,2.205
8.090030,-2.1242,0.9711,-0.1248,2.339
8.091017,-2.1481,1.0597,-0.0841,2.397
8.091275,-2.1673,1.1291,-0.0434,2.444
8.091427,-2.1888,1.1842,-0.0051,2.489
8.091664,-2.2032,1.2344,0.0356,2.526
8.129622,-2.0877,0.2768,0.2989,2.127
8.130697,-2.0710,0.2145,0.2893,2.102
8.130870,-2.0446,0.0900,0.2486,2.062
8.131044,-2.0207,-0.0249,0.2055,2.031
8.131127,-1.9943,-0.1422,0.1648,2.006
8.149534,-1.7556,-0.8263,-0.1952,1.950
8.150183,-1.7125,-0.9101,-0.2742,1.959
8.150329,-1.6718,-0.9915,-0.3269,1.971
8.170659,-1.2111,-1.3765,-0.7142,1.968
8.171523,-1.1608,-1.3717,-0.7190,1.935
8.190872,-0.8639,-1.3100,-0.6931,1.715
8.191771,-0.8351,-1.2908,-0.6859,1.683
8.192160,-0.8136,-1.2836,-0.6811,1.665
8.209718,-0.6062,-0.7478,-0.4952,1.083
8.210821,-0.5894,-0.6305,-0.4545,0.975
8.211150,-0.5702,-0.5347,-0.4090,0.882
8.211595,-0.5559,-0.4150,-0.3636,0.783
8.211915,-0.5319,-0.2857,-0.3133,0.680
8.251176,-0.3563,2.4347,0.8861,2.615
8.252028,-0.3587,2.4778,0.9268,2.670
8.259756,-0.3524,2.5481,0.9964,2.759
8.260763,-0.3619,2.5912,1.0562,2.821
8.261160,-0.3811,2.6319,1.1161,2.884
8.261548,-0.4098,2.6415,1.1568,2.913
8.291137,-0.7812,2.0758,-0.1817,2.225
8.292719,-0.7692,2.1453,-0.3278,2.302
8.330480,0.6865,3.5220,0.7104,3.658
8.331733,0.8708,3.4334,0.6433,3.600
8.332070,1.0719,3.3448,0.5859,3.561
8.332383,1.2754,3.2227,0.4973,3.501
8.332762,1.4837,3.1006,0.3896,3.459
8.350226,2.5096,2.2425,-0.5292,3.407
8.351955,2.6149,2.0965,-0.7111,3.426
8.352561,2.6963,1.9384,-0.8620,3.431
8.370376,2.6714,0.1929,-1.6547,3.148
8.382156,2.6941,0.1373,-1.6561,3.165
8.382931,2.6629,0.0367,-1.7518,3.188
8.383272,2.6390,-0.0543,-1.8189,3.206
8.383472,2.6055,-0.1548,-1.8883,3.222
8.411187,2.1966,-1.0181,-1.6475,2.928
8.450576,1.5043,-0.6488,-0.4978,1.712
8.462015,1.3955,-0.5714,-0.4582,1.576
8.462885,1.3237,-0.4804,-0.4558,1.480
8.463096,1.2040,-0.3799,-0.4582,1.343
8.463322,1.0651,-0.2674,-0.4702,1.195
8.490900,-0.9821,1.9867,-0.4375,2.259
8.492182,-1.0061,2.0490,-0.3968,2.317
8.500206,-1.0527,2.1044,-0.3664,2.381
8.500626,-1.0096,2.1619,-0.3113,2.406
8.501527,-0.9856,2.1834,-0.2874,2.413
8.501886,-0.9569,2.2122,-0.2347,2.422
8.510696,-0.9205,2.1491,-0.1488,2.343
8.511482,-0.8606,2.1180,-0.0985,2.288
8.511910,-0.7792,2.0629,-0.0459,2.206
8.530317,0.1505,1.6212,0.1063,1.632
8.532742,0.2702,1.5542,0.1110,1.581
8.533097,0.3732,1.4728,0.1039,1.523
8.533293,0.4235,1.4273,0.0991,1.492
8.533480,0.5121,1.3291,0.0847,1.427
8.570666,0.8314,-1.2649,-0.2185,1.529
8.571688,0.8027,-1.3823,-0.1993,1.611
8.582296,0.7749,-1.4866,-0.2001,1.688
8.582886,0.7150,-1.5776,-0.1857,1.742
8.583274,0.6671,-1.6709,-0.1546,1.806
8.583600,0.6001,-1.7643,-0.1211,1.867
8.592541,0.4914,-1.9787,-0.0655,2.040
8.593341,0.4460,-2.0649,-0.0080,2.112
8.593864,0.3981,-2.1463,0.0351,2.183
8.611189,0.0625,-2.6448,0.4256,2.680
8.612911,0.0146,-2.6974,0.4807,2.740
8.613380,-0.0189,-2.7405,0.5286,2.791
8.613741,-0.0453,-2.7669,0.5741,2.826
8.614140,-0.0548,-2.8076,0.6243,2.877
8.651071,0.4908,-2.3857,1.2536,2.739
8.652115,0.5172,-2.3545,1.2584,2.719
8.669958,0.7798,-1.9403,1.1963,2.409
8.671055,0.8373,-1.8589,1.1771,2.354
8.671261,0.8948,-1.7966,1.1628,2.320
8.690201,1.3739,-1.4061,1.0035,2.207
8.691059,1.4410,-1.3726,0.9747,2.216
8.691417,1.5056,-1.3367,0.9364,2.220
8.691668,1.5751,-1.3175,0.9316,2.255
8.691885,1.6349,-1.2816,0.9149,2.270
8.730401,2.0078,-0.7467,0.9152,2.330
8.731415,1.9719,-0.7252,0.8960,2.284
8.731625,1.9336,-0.6869,0.8865,2.235
8.731878,1.8881,-0.6534,0.8721,2.180
8.732239,1.8402,-0.6246,0.8506,2.121
8.769685,0.3603,-0.1442,0.8652,0.948
8.771023,0.2645,-0.0891,0.9083,0.950
8.771429,0.1759,-0.0508,0.9586,0.976
8.771737,0.0969,0.0042,1.0089,1.014
8.771988,0.0131,0.0593,1.0807,1.082
8.810914,-0.4222,0.4797,1.4383,1.574
8.811720,-0.4103,0.5036,1.4024,1.546
8.811886,-0.4007,0.5204,1.3904,1.538
8.812030,-0.3791,0.5467,1.3425,1.498
8.812171,-0.3935,0.5635,1.2827,1.455
8.851790,0.0372,0.6713,1.5460,1.686
8.879476,0.0294,0.3325,2.1303,2.156
8.880346,0.0150,0.2631,2.1806,2.196
8.890221,-0.1091,-0.0840,1.9825,1.987
8.891194,-0.1666,-0.1606,1.8054,1.820
8.891443,-0.2384,-0.2372,1.5707,1.606
8.891646,-0.3198,-0.3162,1.2954,1.371
8.891860,-0.4060,-0.3737,0.9961,1.139
8.929770,-1.2093,2.7496,-0.7485,3.096
8.930817,-1.1638,3.0537,-0.7461,3.352
8.931151,-1.1135,3.3506,-0.7389,3.607
8.931325,-1.0680,3.6307,-0.7317,3.855
8.931571,-1.0321,3.8965,-0.7413,4.098
8.970092,0.7926,5.6011,-1.2986,5.804
8.971080,0.8979,5.5460,-1.3154,5.770
8.971317,1.1182,5.3976,-1.3752,5.681
8.971568,1.3265,5.2348,-1.4303,5.586
8.971804,1.5659,5.0121,-1.4782,5.455
9.010169,3.8401,-0.6628,-1.9238,4.346
9.012365,3.8042,-0.8998,-1.8831,4.339
9.050812,1.2968,-2.9812,-2.2333,3.944
9.051881,1.0598,-3.0482,-2.2380,3.927
9.052177,0.8539,-3.0961,-2.2237,3.906
9.052481,0.6791,-3.1224,-2.2045,3.882
9.052745,0.5115,-3.1320,-2.1710,3.845
9.090996,-1.3764,-1.1835,-1.4992,2.354
9.092253,-1.3764,-1.1021,-1.4896,2.308
9.131735,0.3521,1.5427,-0.9704,1.856
9.170248,2.5706,0.6150,-0.8703,2.783
9.180668,2.5504,0.4403,-0.8342,2.719
9.180936,2.4953,0.2680,-0.8318,2.644
9.181099,2.4331,0.0908,-0.8246,2.571
9.181203,2.3517,-0.0840,-0.8079,2.488
9.211109,1.0901,-1.9474,-0.6793,2.333
9.212634,0.9561,-2.0623,-0.7032,2.379
9.213367,0.8411,-2.1724,-0.7583,2.450
9.213718,0.7142,-2.2658,-0.7918,2.504
9.214242,0.5945,-2.3496,-0.8469,2.567
9.223781,0.4776,-2.4401,-0.8731,2.635
9.224455,0.3555,-2.5095,-0.9138,2.694
9.224802,0.3076,-2.5406,-0.9378,2.726
9.225261,0.1975,-2.6029,-0.9833,2.789
9.250530,-0.7894,-2.6780,-1.3095,3.084
9.251536,-0.8492,-2.6349,-1.3263,3.070
9.251881,-0.8995,-2.5942,-1.3478,3.059
9.252134,-0.9163,-2.5679,-1.3622,3.048
9.252374,-0.9450,-2.5080,-1.3646,3.008
9.270920,-1.1767,-2.0793,-1.3075,2.724
9.272572,-1.2198,-1.9787,-1.2955,2.661
9.272923,-1.2438,-1.8662,-1.2668,2.576
9.290808,-1.4163,-0.9223,-0.9651,1.946
9.292001,-1.4307,-0.7786,-0.9316,1.876
9.292336,-1.4379,-0.6589,-0.8933,1.817
9.292530,-1.4499,-0.5368,-0.8454,1.762
9.292810,-1.4499,-0.4171,-0.7976,1.707
9.300859,-1.4566,-0.2968,-0.7204,1.652
9.301469,-1.4590,-0.1915,-0.6653,1.615
9.301725,-1.4519,-0.0861,-0.6007,1.574
9.301975,-1.4399,0.0048,-0.5241,1.532
9.310727,-1.4409,0.1808,-0.4014,1.507
9.311345,-1.4289,0.2598,-0.3296,1.489
9.311710,-1.4170,0.3364,-0.2530,1.478
9.330907,-1.5098,0.6633,0.3282,1.681
9.332111,-1.5337,0.6633,0.3569,1.709
9.371339,-2.0396,-0.2325,-0.0606,2.054
9.372526,-2.0468,-0.3330,-0.1325,2.078
9.372863,-2.0420,-0.4264,-0.1971,2.095
9.373347,-2.0372,-0.5294,-0.2546,2.120
9.373745,-2.0348,-0.6275,-0.3049,2.151
9.390324,-1.8911,-1.0763,-0.5506,2.245
9.391203,-1.8696,-1.1289,-0.5937,2.263
9.391581,-1.8432,-1.1984,-0.6320,2.288
9.411317,-1.3661,-1.3990,-0.8177,2.119
9.453275,-1.0523,0.2166,-0.2164,1.096
9.490648,-1.2381,1.7387,0.7911,2.276
9.491908,-1.2501,1.7507,0.8390,2.309
9.492290,-1.2740,1.7483,0.8869,2.338
9.492822,-1.3004,1.7483,0.9108,2.362
9.493331,-1.3363,1.7411,0.9372,2.387
9.535054,-1.2233,0.6589,-0.4061,1.448
9.536356,-1.1539,0.6134,-0.5737,1.427
9.536625,-1.1108,0.6014,-0.6599,1.425
9.537389,-1.0079,0.5727,-0.7700,1.392
9.537781,-0.8953,0.5822,-0.8371,1.357
9.567060,-0.7627,0.6013,-0.8657,1.301
9.567982,-0.6574,0.6276,-0.8465,1.242
9.568257,-0.5640,0.6779,-0.7604,1.164
9.568681,-0.4754,0.7425,-0.6335,1.086
9.574378,1.3335,2.1969,-0.0042,2.570
9.575473,1.5754,2.2807,-0.0353,2.772
9.575853,1.8100,2.3717,-0.0736,2.984
9.576160,2.0374,2.4483,-0.1047,3.187
9.576555,2.2792,2.5081,-0.1359,3.392
9.581045,2.5304,2.5874,-0.1904,3.624
9.582299,2.7028,2.6568,-0.2335,3.797
9.582741,2.8512,2.7238,-0.2934,3.954
9.583002,2.9853,2.7837,-0.3532,4.097
9.611899,3.8307,1.7314,-1.6148,4.503
9.613355,3.8666,1.6476,-1.6196,4.504
9.652218,3.1639,1.3036,-1.0019,3.566
9.654019,3.0681,1.2438,-1.0402,3.470
9.654263,2.9772,1.1959,-1.0809,3.386
9.654695,2.9293,1.1600,-1.0905,3.334
9.655024,2.8096,1.1001,-1.1001,3.212
9.691833,1.0492,-0.1209,-1.2235,1.616
9.734883,-0.8538,0.0647,-0.7562,1.142
9.735964,-0.9304,0.0958,-0.6772,1.155
9.736208,-0.9950,0.1389,-0.5910,1.166
9.736379,-1.0429,0.1628,-0.5144,1.174
9.736591,-1.0860,0.1820,-0.4330,1.183
9.771176,0.2295,0.3112,0.0365,0.388
9.772567,0.3971,0.2873,0.0485,0.492
9.781991,0.5057,0.2625,0.0532,0.572
9.782526,0.5919,0.2482,0.0579,0.644
9.782900,0.7475,0.2171,0.0627,0.781
9.783081,0.9008,0.1811,0.0675,0.921
9.810485,1.8521,-0.5884,0.1178,1.947
9.811503,1.8569,-0.6243,0.1226,1.963
9.811800,1.8737,-0.7009,0.1082,2.003
9.812228,1.8641,-0.7799,0.1226,2.024
9.812580,1.8450,-0.8565,0.1106,2.037
9.852356,0.7418,-1.7491,-0.0596,1.901
9.853420,0.6915,-1.7826,-0.0381,1.912
9.871012,0.4657,-1.9094,0.1637,1.972
9.872037,0.4250,-1.9166,0.2115,1.975
9.872554,0.4178,-1.9238,0.2498,1.984
9.891911,0.4367,-1.8043,0.5726,1.943
9.893331,0.4510,-1.7707,0.5870,1.919
9.934379,1.1193,-1.4048,0.5231,1.871
9.935343,1.2127,-1.3785,0.5207,1.908
9.935595,1.2510,-1.3689,0.5231,1.927
9.971909,2.3732,-0.9070,0.8010,2.664
9.973214,2.4235,-0.8831,0.8321,2.710
9.973886,2.4690,-0.8807,0.8513,2.756
9.974096,2.5049,-0.8687,0.8920,2.797
9.974618,2.5169,-0.8424,0.9088,2.805
10.011412,1.5763,-1.0148,1.0160,2.132
10.013103,1.4590,-1.0148,1.0088,2.044
10.013597,1.3464,-0.9885,0.9945,1.944
10.014053,1.2315,-0.9693,0.9945,1.856
10.014318,1.1046,-0.9574,0.9897,1.765
10.051027,-0.3821,-0.2509,1.0120,1.110
10.052568,-0.4828,-0.1618,1.0561,1.172
10.052934,-0.5139,-0.1139,1.0656,1.189
10.053105,-0.5355,-0.0684,1.0848,1.212
10.091886,-0.5000,0.6555,1.3135,1.551
10.093504,-0.4976,0.7034,1.3159,1.573
10.093788,-0.5000,0.7321,1.3255,1.595
10.094256,-0.4880,0.7800,1.3279,1.615
10.094532,-0.4904,0.8327,1.3398,1.652
10.135936,-0.5161,1.3536,1.8436,2.345
10.171715,-0.9317,0.8017,-0.0310,1.230
10.173336,-0.9892,0.9095,-0.2345,1.364
10.173750,-1.0275,1.0627,-0.3853,1.528
10.173865,-1.0921,1.2351,-0.4955,1.722
10.173970,-1.1448,1.4171,-0.5649,1.907
10.210478,0.1614,4.6506,0.1543,4.656
10.251157,2.6820,2.4095,-0.6978,3.672
10.252344,2.8353,2.1653,-0.7720,3.650
10.253033,2.9813,1.9235,-0.8295,3.644
10.253327,3.1130,1.6697,-0.8845,3.642
10.253609,3.2231,1.4327,-0.9348,3.649
10.291982,2.5293,-2.0926,-1.8298,3.758
10.293473,2.3785,-2.1740,-1.8992,3.740
10.336666,-1.6068,-1.9566,-2.6195,3.643
10.339053,-1.7457,-1.8488,-2.6003,3.637
10.371150,-1.1527,-0.2427,-1.9257,2.257
10.372481,-0.9923,-0.1972,-1.8730,2.129
10.412390,2.4693,0.5945,-0.6510,2.622
10.435356,3.1559,0.8245,-0.4055,3.287
10.436684,3.1894,0.8340,-0.4079,3.322
10.437563,3.2492,0.8388,-0.3984,3.379
10.461555,2.8388,0.3119,-0.3941,2.883
10.462328,2.7286,0.2209,-0.3965,2.766
10.481598,1.2275,-1.0501,-0.6960,1.759
10.492362,0.2763,-1.7013,-0.9184,1.953
10.532208,-1.3779,-1.9501,-1.1351,2.644
10.545398,-1.4427,-1.8930,-1.1125,2.627
10.545992,-1.5002,-1.8260,-1.1077,2.610
10.546458,-1.5480,-1.7565,-1.0670,2.573
10.547042,-1.5816,-1.6871,-1.0383,2.535
10.573623,-1.9372,-0.4805,-0.2288,2.009
10.574698,-1.9276,-0.4134,-0.1881,1.980
10.611035,-1.6193,0.0627,0.3917,1.667
10.612595,-1.5881,0.0627,0.3870,1.636
10.621872,-1.5742,0.0365,0.3813,1.620
10.623330,-1.5478,0.0221,0.3598,1.589
10.623766,-1.5287,0.0053,0.3215,1.562
10.624093,-1.5047,-0.0282,0.2975,1.534
10.652201,-1.0120,-0.6116,-0.2322,1.205
10.670687,-0.8086,-0.8145,-0.5195,1.260
10.671814,-0.7655,-0.8528,-0.5507,1.271
10.672067,-0.7439,-0.8743,-0.5698,1.282
10.690682,-0.4874,-1.0876,-0.8174,1.445
10.691677,-0.4563,-1.1044,-0.8269,1.453
10.691905,-0.4443,-1.1259,-0.8437,1.475
10.692108,-0.4180,-1.1427,-0.8748,1.499
10.692448,-0.3844,-1.1834,-0.8796,1.524
10.732178,-0.2885,-0.9434,-0.6113,1.161
10.732955,-0.3125,-0.8812,-0.5634,1.092
10.746205,-0.3330,-0.8040,-0.5109,1.009
10.747425,-0.3593,-0.7106,-0.4247,0.902
10.747801,-0.3833,-0.6172,-0.3720,0.816
10.748077,-0.4096,-0.5286,-0.3050,0.735
10.772867,-0.4602,-0.3054,-0.1563,0.574
10.773590,-0.4842,-0.1977,-0.1036,0.533
10.773802,-0.5129,-0.0756,-0.0390,0.520
10.774001,-0.7787,0.9420,0.5957,1.360
10.774360,-0.8170,1.0880,0.6987,1.530
10.774758,-0.8530,1.2412,0.8040,1.707
10.774964,-0.8937,1.3777,0.9166,1.881
10.775211,-0.9463,1.5261,1.0171,2.064
10.782994,-0.9648,1.6672,1.1342,2.235
10.784303,-1.0127,1.8060,1.2396,2.413
10.785021,-1.0510,1.9425,1.3425,2.585
10.785290,-1.0941,2.0694,1.4167,2.736
10.811358,-2.0201,2.5868,1.4499,3.588
10.812805,-2.1207,2.5365,1.3924,3.588
10.813449,-2.2188,2.4647,1.3350,3.575
10.813814,-2.3098,2.3833,1.2703,3.554
10.814267,-2.4032,2.2947,1.1865,3.528
10.850927,-1.9669,1.5893,0.0149,2.529
10.852020,-1.8831,1.6492,0.1896,2.510
10.852295,-1.7825,1.7043,0.3812,2.495
10.852601,-1.6867,1.7689,0.5416,2.503
10.853159,-1.6317,1.8024,0.5991,2.504
10.890664,1.3011,1.2895,-0.3238,1.860
10.891818,1.4687,1.2895,-0.4770,2.012
10.892176,1.6267,1.3015,-0.6494,2.182
10.892495,1.7560,1.3470,-0.7907,2.350
10.892703,1.8613,1.3973,-0.9200,2.503
10.931489,3.6576,1.1789,-2.0377,4.350
10.971946,3.9408,0.0833,-1.6871,4.288
10.973053,3.9504,0.0283,-1.6128,4.267
10.973358,3.9480,-0.0412,-1.5482,4.241
10.973603,3.9360,-0.1178,-1.4764,4.205
10.973866,3.9337,-0.1776,-1.3902,4.176
10.982351,3.9188,-0.2505,-1.2976,4.136
10.983031,3.9093,-0.2888,-1.2737,4.122
10.983254,3.8877,-0.3558,-1.2186,4.090
10.983421,3.8446,-0.4253,-1.1707,4.041
11.011193,2.2620,-0.5829,-1.0650,2.567
11.012972,2.1567,-0.5398,-1.0769,2.470
11.013584,1.9388,-0.4392,-1.0698,2.258
11.014099,1.7114,-0.3291,-1.0722,2.046
11.015161,1.4815,-0.1998,-1.0769,1.842
11.051476,-1.3515,1.9132,-0.6119,2.421
11.052551,-1.3707,1.9826,-0.5640,2.475
11.052816,-1.4018,2.0161,-0.5113,2.508
11.053213,-1.4306,2.0257,-0.4562,2.522
11.053560,-1.4306,2.0209,-0.3964,2.508
11.090492,0.1695,0.7063,0.0161,0.727
11.091603,0.2677,0.5770,0.0185,0.636
11.091852,0.3659,0.4501,0.0185,0.580
11.092057,0.4688,0.3112,0.0041,0.563
11.092266,0.5646,0.1820,0.0041,0.593
11.132379,0.8956,-1.7837,-0.1145,1.999
11.133850,0.8644,-1.8723,-0.1145,2.065
11.135224,0.8405,-1.9561,-0.0906,2.131
11.135767,0.8189,-1.9968,-0.0810,2.160
11.136248,0.7830,-2.0734,-0.0595,2.217
11.170878,0.0049,-2.6769,0.4702,2.718
11.172301,-0.0406,-2.6769,0.4942,2.722
11.172537,-0.0885,-2.6721,0.5205,2.724
11.172804,-0.1412,-2.6530,0.5516,2.713
11.173070,-0.1795,-2.6242,0.5732,2.692
11.212721,0.3510,-1.7091,0.7279,1.891
11.215262,0.4205,-1.6660,0.7159,1.861
11.251345,1.5714,-1.2205,0.6603,2.096
11.252029,1.6169,-1.1990,0.6651,2.120
11.291792,1.4298,-1.0199,0.8534,1.953
11.292716,1.3579,-1.0223,0.8462,1.899
11.311572,0.8043,-1.0629,0.8550,1.584
11.312746,0.7014,-1.0700,0.8454,1.533
11.313117,0.5936,-1.0700,0.8191,1.472
11.332332,-0.2960,-0.8773,0.6805,1.149
11.333473,-0.3703,-0.8294,0.6829,1.136
11.333883,-0.4445,-0.7768,0.6901,1.130
11.371381,-0.6046,0.4052,1.0934,1.313
11.372502,-0.5615,0.4843,1.1149,1.339
11.372813,-0.5088,0.5704,1.1508,1.382
11.412294,-0.0733,1.7416,1.3525,2.206
11.413752,-0.0374,1.7607,1.4267,2.267
11.451830,-0.7008,0.7063,0.8817,1.329
11.490712,-1.1688,3.5011,-0.9498,3.811
11.492253,-1.0874,3.7788,-0.9283,4.040
11.492918,-1.0252,4.0565,-0.9115,4.282
11.493299,-0.9366,4.2983,-0.8732,4.485
11.493705,-0.8360,4.5306,-0.8181,4.679
11.500677,-0.6479,4.7187,-0.8005,4.830
11.501300,-0.5210,4.8528,-0.6832,4.928
11.501645,-0.5306,5.0204,-0.5443,5.078
11.501991,-0.4708,5.1784,-0.4390,5.218
11.531971,1.8175,3.9086,-0.7254,4.371
11.533620,1.9851,3.6141,-0.7446,4.190
11.551948,2.8959,1.7095,-0.7932,3.455
11.553414,3.0419,1.3624,-0.7764,3.422
11.554162,3.1568,1.0224,-0.7621,3.405
11.579199,2.9657,-1.9738,-0.6457,3.620
11.580637,2.8531,-2.1917,-0.6864,3.663
11.611821,-0.7794,-3.4917,-2.6660,4.462
11.613332,-1.0164,-3.4150,-2.6492,4.440
11.631331,-2.1233,-2.5947,-2.5132,4.190
11.633025,-2.2167,-2.4032,-2.4677,4.096
11.633458,-2.2885,-2.1829,-2.4342,3.991
11.652196,-1.7959,0.3120,-2.1256,2.800
11.653148,-1.6762,0.5179,-2.0873,2.727
11.691693,1.6912,2.0133,-0.6137,2.700
11.692777,1.9138,2.0062,-0.5083,2.819
11.732202,3.4374,0.5960,0.0381,3.489
11.733897,3.3871,0.4236,0.0237,3.414
11.734335,3.3201,0.2345,-0.0026,3.328
11.735191,3.2507,0.0525,-0.0290,3.251
11.735455,3.1549,-0.1343,-0.0553,3.158
11.742192,3.0467,-0.3251,-0.0395,3.064
11.743739,2.9270,-0.5190,-0.0706,2.973
11.744084,2.7833,-0.6890,-0.0921,2.869
11.744440,2.6229,-0.8518,-0.1137,2.760
11.772220,0.6554,-2.3422,-0.7154,2.535
11.773521,0.5022,-2.4284,-0.8040,2.607
11.774302,0.3394,-2.5122,-0.8854,2.685
11.774805,0.1718,-2.5816,-0.9812,2.767
11.775072,0.0209,-2.6462,-1.0506,2.847
11.810815,-1.3394,-3.0029,-1.6659,3.686
11.812258,-1.3897,-2.9598,-1.6803,3.676
11.812701,-1.4400,-2.9239,-1.6755,3.665
11.813204,-1.4878,-2.8760,-1.6539,3.636
11.813479,-1.5262,-2.8138,-1.6324,3.593
11.851238,-1.8901,-1.2434,-0.8123,2.404
11.852045,-1.8948,-1.1788,-0.7740,2.362
11.852421,-1.8948,-1.0471,-0.6998,2.275
11.852590,-1.8972,-0.9107,-0.6112,2.191
11.852723,-1.8925,-0.7814,-0.5466,2.119
11.891770,-1.7078,0.9791,0.4873,2.028
11.893090,-1.6982,1.0533,0.4993,2.060
11.893558,-1.6934,1.1084,0.4921,2.083
11.893841,-1.7030,1.1515,0.4849,2.112
11.894074,-1.7054,1.1922,0.4610,2.131
11.931966,-1.8552,0.1529,-0.6685,1.978
11.933360,-1.8288,0.0379,-0.7451,1.975
11.971933,-0.3768,-1.4508,-1.0804,1.848
11.972976,-0.3145,-1.4699,-1.0852,1.854
11.973288,-0.2044,-1.4963,-1.0947,1.865
12.011517,0.3808,-0.8034,-0.7570,1.168
12.012877,0.2643,-0.4612,-0.5932,0.797
12.013247,0.2092,-0.3415,-0.5238,0.659
12.050708,-2.0217,1.8191,0.6510,2.796
12.091189,-2.9749,1.6224,-0.7589,3.472
12.092383,-2.9103,1.6344,-0.9553,3.472
12.093039,-2.8193,1.6559,-1.1181,3.456
12.093485,-2.7211,1.7325,-1.2043,3.443
12.094654,-2.6038,1.8091,-1.2043,3.392
12.130500,0.6043,2.9621,-0.0990,3.025
12.131351,0.9347,2.8807,-0.0319,3.029
12.131491,1.2819,2.7777,0.0519,3.060
12.131597,1.6075,2.6748,0.1213,3.123
12.131705,1.9403,2.5718,0.2075,3.228
12.171244,4.3907,1.4059,-0.9271,4.703
12.210933,3.2345,0.4036,-1.2258,3.482
12.212075,3.1316,0.3581,-1.2354,3.385
12.212430,3.0215,0.3126,-1.2210,3.274
12.212657,2.9520,0.2671,-1.1971,3.197
12.212836,2.8610,0.2216,-1.1564,3.094
12.251535,1.6025,-0.7769,-0.5552,1.865
12.252550,1.4708,-0.7745,-0.5647,1.756
12.291331,-0.8835,0.6075,-0.3947,1.143
12.291998,-0.9170,0.6937,-0.3779,1.210
12.333003,0.3207,1.2086,0.1555,1.260
12.333890,0.4643,1.1823,0.1818,1.283
12.371381,1.6138,-0.6723,0.1487,1.755
12.372278,1.6114,-0.7250,0.1368,1.772
12.413319,0.7427,-2.0097,0.0992,2.145
12.415165,0.6996,-2.0600,0.1375,2.180
12.440854,0.5114,-2.4913,0.5978,2.613
12.441933,0.5114,-2.5009,0.6314,2.630
12.452806,0.4662,-2.4704,0.7806,2.632
12.453403,0.4327,-2.4513,0.7973,2.614
12.453892,0.4231,-2.4249,0.8189,2.594
12.454248,0.4088,-2.3866,0.8189,2.556
12.454522,0.3968,-2.3603,0.8332,2.534
12.492231,1.0354,-1.6072,0.3043,1.936
12.511041,1.3340,-1.3502,0.3162,1.924
12.511813,1.3891,-1.2952,0.3305,1.928
12.512300,1.4561,-1.2473,0.3329,1.946
12.531687,1.8269,-0.9009,0.6549,2.140
12.532942,1.8460,-0.8818,0.6789,2.156
12.533370,1.8724,-0.8674,0.7124,2.183
12.533633,1.8891,-0.8506,0.7387,2.200
12.533868,1.9035,-0.8291,0.7770,2.217
12.571346,0.7463,-0.7751,0.6969,1.282
12.572950,0.6361,-0.7655,0.6562,1.192
12.573266,0.5356,-0.7415,0.6395,1.116
12.573450,0.4398,-0.7128,0.6275,1.047
12.573593,0.3488,-0.6721,0.6179,0.977
12.600798,-0.4804,-0.3147,0.7220,0.923
12.602029,-0.5283,-0.2931,0.7818,0.988
12.610889,-0.7055,-0.1951,0.9960,1.236
12.612549,-0.7415,-0.1712,1.0391,1.288
12.612941,-0.7630,-0.1496,1.0750,1.327
12.613223,-0.7774,-0.1257,1.1229,1.371
12.613617,-0.7869,-0.1041,1.1732,1.416
12.653370,-0.8125,0.5134,1.1033,1.463
12.654045,-0.8077,0.5493,1.0674,1.447
12.654442,-0.8101,0.5972,1.0459,1.451
12.655007,-0.8197,0.6547,1.0291,1.470
12.655279,-0.8244,0.6738,1.0315,1.482
12.662034,-0.8152,0.7384,1.0070,1.491
12.662748,-0.8200,0.7862,1.0022,1.515
12.663071,-0.8056,0.8413,1.0070,1.540
12.663356,-0.8032,0.8940,1.0166,1.574
12.694293,-0.6229,1.0384,1.8244,2.190
12.731319,-1.1351,1.0644,-0.6984,1.706
12.732519,-1.1495,1.3230,-0.7127,1.892
12.771088,0.1490,4.7557,-0.2713,4.766
12.772083,0.2927,4.8730,-0.2402,4.888
12.772361,0.4076,5.0095,-0.2498,5.032
12.772642,0.5177,5.1364,-0.2402,5.168
12.772894,0.5967,5.2729,-0.2354,5.312
12.812114,3.1956,2.8596,-0.6351,4.335
12.813870,3.2938,2.7016,-0.6567,4.310
12.814499,3.4542,2.3688,-0.6710,4.242
12.815641,3.5859,2.0575,-0.7046,4.194
12.816187,3.6960,1.7223,-0.7357,4.143
12.831967,3.7286,-0.1592,-0.8971,3.838
12.833285,3.6927,-0.4537,-0.9210,3.833
12.833824,3.6352,-0.7147,-0.9497,3.825
12.852995,2.7763,-2.5047,-1.7362,4.123
12.854022,2.6015,-2.6005,-1.8200,4.104
12.892178,-1.3885,-2.2876,-2.5861,3.721
12.893347,-1.5322,-2.1487,-2.5741,3.687
12.933024,-1.1379,0.6232,-2.1067,2.474
12.935559,-0.9775,0.7046,-2.0564,2.383
12.971917,2.5196,1.4089,-0.6256,2.954
12.973099,2.6728,1.4233,-0.5873,3.085
13.012426,2.8154,0.0690,-0.5285,2.865
13.013967,2.6909,-0.0675,-0.5525,2.748
13.052522,0.4689,-2.0089,-1.0153,2.299
13.053690,0.3348,-2.0783,-1.0656,2.359
13.054200,0.2127,-2.1430,-1.0943,2.416
13.054872,0.1553,-2.1741,-1.1230,2.452
13.055204,0.0284,-2.2316,-1.1685,2.519
13.091885,-1.7932,-2.0680,-1.3740,3.063
13.132405,-2.1889,-0.5873,-0.4362,2.308
13.133810,-2.1960,-0.4939,-0.3931,2.285
13.134386,-2.2032,-0.3934,-0.3260,2.262
13.134925,-2.2008,-0.3096,-0.2494,2.236
13.135244,-2.1841,-0.2138,-0.1920,2.203
13.171588,-1.8173,0.4306,0.4211,1.914
13.172817,-1.7838,0.3995,0.4163,1.875
13.212974,-1.3121,-0.6995,-0.4310,1.548
13.251618,-0.7934,-1.2368,-1.0324,1.796
13.252744,-0.7503,-1.2535,-1.0204,1.782
13.253437,-0.7096,-1.2607,-1.0444,1.784
13.253805,-0.6689,-1.2870,-1.0420,1.786
13.254084,-0.6234,-1.3014,-1.0420,1.780
13.291507,-0.1670,-1.1461,-0.9705,1.511
13.292338,-0.1742,-1.0814,-0.9346,1.440
13.292535,-0.1957,-1.0096,-0.8867,1.358
13.292689,-0.2101,-0.9425,-0.8269,1.271
13.292818,-0.2269,-0.8540,-0.7670,1.170
13.311032,-0.4019,-0.3065,-0.3716,0.627
13.312001,-0.4546,-0.1820,-0.2878,0.568
13.312321,-0.5121,-0.0718,-0.1968,0.553
13.331850,-1.0350,0.9928,0.7164,1.603
13.332996,-1.0661,1.0622,0.7762,1.693
13.333308,-1.1332,1.2106,0.8648,1.870
13.333545,-1.1906,1.3447,0.9582,2.036
13.333958,-1.2481,1.4764,1.0539,2.202
13.371382,-2.4225,2.5014,0.8861,3.593
13.412586,-1.7460,1.8784,-0.0862,2.566
13.413885,-1.6813,1.9119,0.1077,2.548
13.414159,-1.5808,1.9358,0.2897,2.516
13.414509,-1.4683,1.9478,0.4286,2.477
13.415071,-1.3438,1.9598,0.5195,2.432
13.432148,-0.3234,1.8763,0.4188,1.950
13.433460,-0.1223,1.8212,0.3997,1.869
13.434005,0.0860,1.7590,0.3662,1.799
13.452148,1.5523,1.3673,-0.1968,2.078
13.453709,1.6624,1.3553,-0.2494,2.159
13.454517,1.7175,1.3529,-0.3691,2.217
13.455045,1.8037,1.3433,-0.4841,2.300
13.455340,1.8922,1.3481,-0.5942,2.398
13.491527,2.8177,0.7180,-1.6210,3.329
13.492588,2.8631,0.6701,-1.6545,3.374
13.492848,2.9062,0.6294,-1.7024,3.426
13.493161,2.9374,0.6031,-1.7479,3.471
13.493343,2.9781,0.5744,-1.7886,3.521
13.532961,3.2879,0.0533,-1.5464,3.634
13.535441,3.2999,0.0413,-1.4986,3.624
13.536023,3.3143,0.0198,-1.4291,3.609
13.536416,3.3358,0.0150,-1.3836,3.611
13.536829,3.3430,0.0222,-1.3334,3.599
13.571752,1.6780,0.7269,-1.2461,2.213
13.612675,-0.7972,1.7984,-0.5244,2.036
13.614216,-0.8571,1.8007,-0.4813,2.052
13.614482,-0.9074,1.7864,-0.4311,2.049
13.615018,-0.9481,1.7672,-0.3904,2.043
13.615364,-0.9864,1.6954,-0.3616,1.995
13.632095,-0.8288,1.3987,-0.3304,1.659
13.633332,-0.7690,1.3341,-0.3424,1.577
13.633681,-0.6972,1.2551,-0.3352,1.474
13.651387,-0.0623,0.3002,-0.2345,0.386
13.652250,0.0352,0.1297,-0.2159,0.254
13.652897,0.1237,-0.0451,-0.1752,0.219
13.653102,0.2171,-0.2175,-0.1489,0.341
13.653329,0.2889,-0.3875,-0.1465,0.505
13.691934,0.7025,-2.4623,-0.1896,2.568
13.693239,0.6666,-2.5078,-0.1800,2.601
13.710959,0.4290,-2.7073,-0.0591,2.742
13.712078,0.3524,-2.7241,-0.0472,2.747
13.712433,0.2734,-2.7313,-0.0328,2.745
13.731425,-0.2398,-2.6466,0.2216,2.667
13.733006,-0.3044,-2.6059,0.2863,2.639
13.733366,-0.3499,-2.5724,0.3390,2.618
13.733843,-0.3763,-2.5341,0.3821,2.590
13.734301,-0.4170,-2.4981,0.4204,2.567
13.771459,-0.2758,-1.3121,0.9222,1.627
13.772786,-0.2375,-1.2307,0.9269,1.559
13.773044,-0.1920,-1.1517,0.9317,1.494
13.773384,-0.1417,-1.0703,0.9269,1.423
13.773554,-0.0771,-0.9961,0.9054,1.348
13.800627,0.5209,-0.4312,0.6093,0.910
13.801682,0.6142,-0.4049,0.5782,0.936
13.812010,1.1432,-0.3273,0.4112,1.258
13.813068,1.2198,-0.3129,0.3872,1.317
13.853538,1.7488,-0.8391,0.3389,1.969
13.855365,1.7033,-0.8822,0.3269,1.946
13.861555,1.6537,-0.9314,0.3381,1.928
13.862249,1.5867,-0.9745,0.3189,1.889
13.863530,1.5029,-1.0104,0.3070,1.837
13.863848,1.4191,-1.0559,0.2974,1.794
13.891630,0.3916,-1.0737,0.2200,1.164
13.892738,0.3150,-1.0425,0.2320,1.114
13.892949,0.2408,-0.9994,0.2583,1.060
13.893126,0.1785,-0.9420,0.2607,0.994
13.893275,0.1115,-0.8797,0.2727,0.928
13.932476,-0.2518,0.0464,0.6098,0.661
13.934011,-0.2302,0.1015,0.6481,0.695
13.935182,-0.2015,0.1589,0.6648,0.713
13.935551,-0.1847,0.2260,0.7055,0.764
13.935850,-0.1680,0.2882,0.7367,0.809
13.971462,-0.2038,1.0702,0.8382,1.375
13.972285,-0.2110,1.0869,0.8741,1.411
13.972624,-0.2277,1.1181,0.9076,1.458
13.972807,-0.2277,1.1276,0.9412,1.486
13.972950,-0.2277,1.1420,0.9938,1.531
14.012186,-0.4527,0.5097,2.1045,2.212
14.013969,-0.4575,0.4164,2.1787,2.265
14.014758,-0.4790,0.3182,2.2242,2.297
14.015414,-0.5030,0.2320,2.2577,2.325
14.015752,-0.5245,0.1267,2.2888,2.352
14.053031,-2.1729,1.5414,-0.3911,2.693
14.055123,-2.2016,1.8383,-0.3552,2.890
14.091546,-1.2302,5.2331,0.2890,5.383
14.093266,-1.0555,5.2953,0.2626,5.406
14.093763,-0.8591,5.3336,0.2099,5.406
14.094129,-0.6293,5.3240,0.1788,5.364
14.094528,-0.4976,5.3049,0.0974,5.329
14.100539,-0.2057,5.2300,0.0054,5.234
14.101263,0.0720,5.1295,-0.0640,5.130
14.101527,0.3162,5.0193,-0.1383,5.031
14.101791,0.5557,4.8948,-0.2077,4.931
14.132376,3.7349,1.2115,-0.7810,4.003
14.134504,3.8618,0.9505,-0.7858,4.054
14.171718,2.4500,-2.9167,-1.5408,4.109
14.173063,2.2464,-3.0220,-1.6293,4.103
14.211209,-2.0912,-2.4057,-2.4607,4.027
14.212459,-2.1606,-2.3219,-2.4727,4.022
14.252188,-2.1887,0.5280,-2.4654,3.339
14.254134,-2.0354,0.6908,-2.4200,3.237
14.255539,-1.8702,0.8368,-2.3601,3.125
14.255948,-1.7050,0.9733,-2.2787,3.008
14.256424,-1.5303,1.0906,-2.1973,2.891
14.290955,2.1898,1.6901,-0.4261,2.799
14.292362,2.4125,1.6757,-0.3423,2.957
14.292930,2.6208,1.6613,-0.2992,3.117
14.293421,2.8123,1.6278,-0.2561,3.260
14.293869,2.9943,1.6039,-0.2250,3.404
14.332126,3.2298,-0.1802,-0.1153,3.237
14.333883,3.1340,-0.3478,-0.1536,3.157
14.334407,3.0215,-0.4963,-0.1991,3.068
14.335461,2.9066,-0.6495,-0.2565,2.989
14.335950,2.7677,-0.8003,-0.3212,2.899
14.371200,0.4642,-2.4976,-1.4135,2.907
14.372462,0.3828,-2.5263,-1.4494,2.938
14.372965,0.2320,-2.5933,-1.5117,3.011
14.373288,0.0835,-2.6340,-1.5691,3.067
14.373640,-0.0649,-2.6843,-1.6290,3.141
14.401015,-0.1911,-2.7209,-1.6593,3.193
14.402169,-0.3228,-2.7616,-1.7024,3.260
14.402753,-0.4473,-2.7808,-1.7431,3.312
14.403236,-0.5694,-2.8119,-1.7838,3.378
14.411205,-1.5147,-2.6815,-1.6479,3.493
14.412350,-1.5554,-2.6240,-1.6120,3.450
14.413213,-1.5937,-2.5594,-1.5521,3.391
14.415455,-1.6344,-2.4948,-1.4827,3.331
14.415875,-1.6679,-2.4205,-1.4157,3.263
14.431269,-1.8489,-1.8850,-0.9680,2.812
14.432240,-1.8536,-1.8299,-0.9297,2.766
14.432516,-1.8560,-1.7006,-0.8651,2.662
14.450771,-1.9266,-0.6887,-0.2708,2.064
14.452000,-1.8978,-0.5547,-0.2133,1.989
14.452587,-1.8739,-0.4254,-0.1535,1.928
14.453628,-1.8452,-0.2889,-0.1056,1.871
14.454186,-1.8284,-0.1692,-0.0601,1.837
14.481195,-1.6565,0.9269,0.3063,1.923
14.485256,-1.6589,0.9939,0.3231,1.961
14.491406,-1.7813,1.1593,0.4686,2.176
14.531191,-1.7331,-0.4590,-0.3269,1.822
14.532378,-1.6900,-0.5524,-0.3867,1.820
14.551189,-1.3649,-1.0447,-0.5917,1.818
14.552516,-1.3050,-1.1165,-0.5965,1.818
14.553203,-1.2547,-1.1788,-0.6133,1.828
14.571576,-0.8265,-1.5053,-0.7817,1.887
14.572513,-0.7690,-1.5412,-0.8032,1.900
14.572731,-0.7091,-1.5604,-0.8320,1.905
14.572887,-0.6469,-1.5747,-0.8535,1.904
14.573225,-0.5894,-1.5843,-0.8583,1.896
14.593342,-0.5185,-1.5963,-0.8637,1.888
14.594306,-0.4634,-1.6011,-0.8709,1.881
14.595165,-0.4036,-1.5963,-0.8853,1.869
14.595502,-0.3749,-1.5868,-0.8972,1.861
14.610867,0.0525,-0.9733,-0.6616,1.178
14.612127,0.0597,-0.8583,-0.5994,1.049
14.612439,0.0549,-0.7315,-0.5252,0.902
14.612685,0.0573,-0.5998,-0.4534,0.754
14.612914,0.0669,-0.5399,-0.4198,0.687
14.625988,0.0753,-0.4057,-0.3434,0.537
14.626621,0.0872,-0.2597,-0.2668,0.382
14.626898,0.1040,-0.1017,-0.1997,0.247
14.627083,0.1040,0.0587,-0.1231,0.172
14.652067,-0.4124,2.0999,1.5185,2.624
14.691056,-1.7623,2.2570,-0.3125,2.881
14.731809,-0.0881,2.2458,0.2136,2.258
14.732880,0.1298,2.1285,0.1897,2.141
14.741957,0.3832,1.9977,0.1516,2.040
14.743152,0.4886,1.9354,0.1229,2.000
14.743529,0.7016,1.8014,0.0798,1.935
14.743832,0.9243,1.6697,0.0008,1.908
14.771971,2.4164,0.7696,-1.1171,2.771
14.811457,2.7795,0.0027,-1.3901,3.108
14.812701,2.7484,-0.0500,-1.3709,3.072
14.813123,2.7077,-0.0787,-1.3565,3.030
14.813505,2.6814,-0.1194,-1.3494,3.004
14.813847,2.6335,-0.1362,-1.3374,2.957
14.852619,1.9181,-0.0602,-0.9245,2.130
14.854330,1.8654,-0.0027,-0.8934,2.068
14.855521,1.8103,0.0475,-0.8671,2.008
14.855842,1.7624,0.0954,-0.8384,1.954
14.856150,1.6858,0.1601,-0.8072,1.876
14.892201,-0.4704,1.8884,-0.7057,2.070
14.893962,-0.5973,2.0225,-0.6937,2.220
14.894878,-0.7003,2.1159,-0.6578,2.324
14.895216,-0.7506,2.1542,-0.6411,2.370
14.895487,-0.8415,2.2236,-0.6219,2.458
14.931465,-0.4664,1.3345,0.2174,1.430
14.935250,-0.3323,1.2244,0.2533,1.294
14.935557,-0.2006,1.1214,0.2677,1.170
14.935729,-0.0785,1.0041,0.2964,1.050
14.935902,0.0436,0.8940,0.2940,0.942
14.941796,0.1431,0.7941,0.2585,0.847
14.942225,0.2628,0.6864,0.2441,0.774
14.942393,0.3730,0.5714,0.2298,0.720
14.942606,0.4999,0.4613,0.1987,0.709
14.960466,1.0528,-0.2644,-0.0780,1.088
14.961565,1.0911,-0.3721,-0.1355,1.161
14.974029,0.9525,-1.2525,-0.3005,1.602
15.012352,0.1492,-2.3366,-0.2380,2.353
15.013757,0.0893,-2.3893,-0.2332,2.402
15.014305,0.0390,-2.4132,-0.2045,2.422
15.015202,-0.0232,-2.4443,-0.1925,2.452
15.015508,-0.0567,-2.4635,-0.1878,2.471
15.053629,-0.1850,-2.5474,0.5337,2.609
15.055190,-0.1227,-2.5187,0.5912,2.590
15.055822,-0.0724,-2.4852,0.6438,2.568
15.056255,-0.0030,-2.4492,0.6941,2.546
15.056636,0.0784,-2.4133,0.7348,2.524
15.091308,1.0351,-1.5681,0.4395,1.930
15.093348,1.1021,-1.5298,0.3964,1.927
15.093869,1.1643,-1.4867,0.3652,1.923
15.094249,1.2362,-1.4436,0.3150,1.926
15.095430,1.3008,-1.4029,0.2934,1.936
15.132603,1.9112,-0.8301,0.4583,2.133
15.133827,1.9471,-0.8062,0.4942,2.165
15.134448,1.9663,-0.7774,0.5277,2.179
15.135418,1.9663,-0.7559,0.5684,2.182
15.135717,1.9687,-0.7463,0.5900,2.186
15.162687,1.4458,-0.7587,0.8079,1.822
15.179483,0.8362,-0.8362,0.7889,1.422
15.180486,0.7477,-0.8290,0.7865,1.366
15.212627,-0.4123,-0.2960,0.8706,1.008
15.213508,-0.4147,-0.2768,0.8874,1.018
15.252101,-0.1268,0.3838,0.9109,0.997
15.253647,-0.1245,0.4340,0.9109,1.017
15.291840,-0.3717,1.4190,1.5122,2.107
15.293492,-0.3980,1.4406,1.5840,2.178
15.293928,-0.4219,1.4382,1.6607,2.237
15.294202,-0.4578,1.4214,1.7349,2.289
15.295265,-0.4722,1.4070,1.7756,2.314
15.331252,-1.2656,1.3548,0.0291,1.854
15.375702,-0.7420,4.4018,0.2455,4.471
15.376986,-0.6630,4.4617,0.2790,4.519
15.377275,-0.5576,4.5000,0.2838,4.543
15.377539,-0.4451,4.5407,0.2719,4.571
15.378078,-0.3349,4.5503,0.2431,4.569
15.399412,-0.2169,4.5657,0.1683,4.574
15.399993,-0.1211,4.5657,0.1060,4.569
15.400106,-0.0373,4.5729,0.0558,4.573
15.400250,0.0536,4.5513,0.0007,4.552
15.411338,2.4457,1.8199,-0.5732,3.102
15.412893,2.4817,1.5589,-0.6211,2.996
15.440404,3.2224,-0.7249,-1.3122,3.554
15.441038,3.2129,-0.9380,-1.4175,3.635
15.451602,2.8336,-2.1814,-1.9596,4.078
15.452061,2.7210,-2.3777,-2.0314,4.145
15.452213,2.6324,-2.5693,-2.0960,4.234
15.490399,0.0991,-2.6684,-2.9991,4.016
15.491086,-0.1140,-2.6300,-2.9943,3.987
15.491250,-0.3271,-2.5917,-2.9751,3.959
15.491347,-0.5306,-2.5247,-2.9488,3.918
15.491470,-0.7365,-2.4625,-2.9344,3.901
15.531366,-2.0175,-0.1600,-2.1927,2.984
15.532425,-1.9242,0.0076,-2.1184,2.862
15.532716,-1.8164,0.1656,-2.0418,2.738
15.532965,-1.7063,0.3213,-1.9508,2.612
15.533125,-1.5842,0.4817,-1.8718,2.499
15.561267,0.2948,1.4992,-0.5571,1.626
15.573903,1.7329,1.7257,0.1116,2.448
15.611967,2.5766,0.3544,-0.0623,2.602
15.612861,2.5263,0.2395,-0.1150,2.540
15.652177,0.9420,-1.7583,-0.7035,2.115
15.653604,0.8199,-1.8732,-0.7609,2.182
15.653994,0.6906,-1.9690,-0.8232,2.243
15.655120,0.5757,-2.0767,-0.8735,2.325
15.655705,0.4584,-2.1869,-0.9237,2.418
15.692032,-1.0742,-2.8523,-1.5475,3.418
15.693188,-1.1627,-2.8236,-1.5595,3.429
15.693491,-1.1987,-2.7757,-1.5643,3.404
15.693741,-1.2154,-2.7206,-1.5810,3.373
15.693929,-1.2202,-2.7038,-1.5786,3.360
15.732178,-1.5001,-0.7009,-0.4230,1.709
15.733522,-1.5121,-0.5572,-0.3799,1.656
15.751544,-1.6472,0.2387,-0.0456,1.665
15.753462,-1.6592,0.3489,-0.0169,1.696
15.753955,-1.6807,0.4518,0.0094,1.740
15.774537,-1.7617,0.9145,0.3118,2.009
15.775695,-1.7504,0.9289,0.3535,2.013
15.776122,-1.7647,0.9265,0.4038,2.034
15.776390,-1.7528,0.9098,0.4278,2.021
15.776578,-1.7551,0.8882,0.4589,2.020
15.801469,-1.6862,0.6410,0.4256,1.853
15.802404,-1.6766,0.5787,0.3754,1.813
15.802914,-1.6766,0.5069,0.3347,1.783
15.811126,-1.6981,-0.3542,-0.2163,1.748
15.811831,-1.6910,-0.4284,-0.2690,1.765
15.852975,-1.2151,-1.2284,-0.8805,1.939
15.854771,-1.1624,-1.2715,-0.8925,1.940
15.855254,-1.1217,-1.2883,-0.8973,1.930
15.855539,-1.0666,-1.3218,-0.9021,1.923
15.855864,-1.0164,-1.3529,-0.9069,1.920
15.892164,-0.1253,-1.4860,-0.6238,1.616
15.893230,-0.0894,-1.4429,-0.5878,1.561
15.893408,-0.0679,-1.3878,-0.5567,1.497
15.893680,-0.0463,-1.3351,-0.5256,1.436
15.893831,-0.0367,-1.2657,-0.5017,1.362
15.910811,-0.0108,-0.7507,-0.3276,0.819
15.911689,-0.0132,-0.6477,-0.3037,0.716
15.911962,-0.0395,-0.5376,-0.2773,0.606
15.931909,-0.5836,0.7318,0.2379,0.966
15.933280,-0.6387,0.8491,0.3121,1.107
15.951258,-0.8601,1.5205,0.7368,1.896
15.952082,-0.8721,1.6546,0.8158,2.041
15.952356,-0.8673,1.7815,0.8877,2.171
15.974322,-1.2186,2.4381,1.1823,2.971
15.975470,-1.2593,2.4477,1.1967,3.001
15.975784,-1.3359,2.4501,1.2062,3.040
15.976041,-1.3957,2.4477,1.2014,3.063
15.976362,-1.4676,2.4190,1.1847,3.067
15.998163,-1.5091,2.4048,1.1447,3.061
15.998657,-1.5498,2.3856,1.1016,3.051
15.998895,-1.5833,2.3377,1.0370,3.008
15.999030,-1.6001,2.2994,0.9460,2.957
16.010852,-1.2040,2.5018,0.3095,2.794
16.011809,-1.1298,2.5713,0.4340,2.842
16.012069,-1.0316,2.6551,0.5513,2.901
16.012225,-0.9239,2.7221,0.6686,2.951
16.012368,-0.8114,2.7820,0.7572,2.995
16.031035,0.1075,2.7626,0.7427,2.863
16.031955,0.2823,2.6859,0.6900,2.787
16.032274,0.3733,2.6428,0.6613,2.750
16.051457,2.0765,1.5303,-0.4351,2.616
16.052321,2.1268,1.4968,-0.5644,2.661
16.092020,2.7049,0.4314,-1.9424,3.358
16.093019,2.7456,0.3571,-1.9640,3.395
16.093391,2.7600,0.2997,-1.9855,3.413
16.130176,2.3886,-0.5690,-1.1822,2.725
16.131225,2.3766,-0.6288,-1.1080,2.697
16.131553,2.3647,-0.6911,-1.0481,2.677
16.131905,2.3407,-0.7294,-0.9715,2.637
16.132269,2.3168,-0.7868,-0.9189,2.614
16.175347,1.2059,-0.3825,-0.4329,1.337
16.176434,1.0503,-0.2891,-0.4401,1.175
16.176736,0.8923,-0.2053,-0.4784,1.033
16.176936,0.7295,-0.0832,-0.4951,0.886
16.177154,0.5547,0.0437,-0.5143,0.758
16.203392,-0.4805,0.9778,-0.6745,1.281
16.204302,-0.6744,1.1741,-0.7224,1.535
16.204592,-0.8492,1.3800,-0.7678,1.793
16.210716,-1.6013,2.5165,-0.9342,3.126
16.211601,-1.6253,2.5740,-0.9127,3.178
16.211901,-1.6229,2.5979,-0.8648,3.183
16.212143,-1.6085,2.6075,-0.8528,3.180
16.212365,-1.5702,2.6051,-0.8097,3.148
16.253549,0.7124,0.0126,0.0169,0.713
16.276616,1.0206,-1.1534,0.0595,1.541
16.277797,0.9967,-1.3258,0.0332,1.659
16.278336,1.0063,-1.4814,0.0069,1.791
16.303537,0.6846,-2.3350,-0.0734,2.434
16.304192,0.6271,-2.4141,-0.0950,2.496
16.304429,0.5745,-2.4859,-0.1261,2.555
16.304615,0.5170,-2.5457,-0.1596,2.603
16.304810,0.4643,-2.6056,-0.1788,2.653
16.304961,0.4021,-2.6611,-0.1695,2.697
16.305199,0.3375,-2.7042,-0.1815,2.731
16.305342,0.2680,-2.7521,-0.2078,2.773
16.305526,0.2034,-2.7784,-0.2198,2.794
16.310426,0.1289,-2.8312,-0.2216,2.843
16.311001,0.0570,-2.8455,-0.2144,2.854
16.311208,-0.0076,-2.8623,-0.2049,2.870
16.331161,-0.3625,-2.9747,0.0605,2.997
16.331795,-0.3888,-2.9747,0.1203,3.002
16.332037,-0.4080,-2.9747,0.1802,3.008
16.332227,-0.4295,-2.9652,0.2352,3.005
16.332569,-0.4319,-2.9628,0.2664,3.006
16.350647,-0.4137,-2.8092,0.6401,2.911
16.351434,-0.3946,-2.7350,0.7095,2.853
16.351674,-0.3730,-2.6703,0.7550,2.800
16.372475,-0.0073,-1.7353,0.9991,2.002
16.373206,0.0501,-1.6539,0.9991,1.933
16.410809,0.7324,-0.6350,0.8715,1.304
16.412292,0.7803,-0.5656,0.8619,1.293
16.412534,0.8258,-0.4961,0.8260,1.269
16.412709,0.8785,-0.4387,0.8092,1.272
16.412898,0.9263,-0.3693,0.7877,1.271
16.431785,1.1848,-0.0877,0.7509,1.405
16.432936,1.2327,-0.0518,0.7461,1.442
16.433334,1.2806,-0.0303,0.7485,1.484
16.451899,1.5018,0.0383,0.8894,1.746
16.453696,1.4994,0.0167,0.9205,1.760
16.454063,1.4827,-0.0120,0.9085,1.739
16.454810,1.4539,-0.0455,0.9061,1.714
16.455562,1.4468,-0.0671,0.9037,1.707
16.491806,-0.0095,-1.1386,0.8938,1.447
16.493113,-0.0885,-1.1577,0.8890,1.462
16.501253,-0.1552,-1.1649,0.8821,1.469
16.501769,-0.2246,-1.1769,0.8821,1.488
16.501958,-0.3156,-1.1816,0.8797,1.507
16.502104,-0.3970,-1.1745,0.8701,1.515
16.531726,-0.8031,-0.5970,0.8452,1.310
16.532878,-0.7959,-0.5323,0.8524,1.282
16.572269,-0.7427,0.8752,0.8941,1.455
16.573112,-0.7212,0.9757,0.9372,1.533
16.573468,-0.6996,1.0643,0.9875,1.612
16.573984,-0.6733,1.1457,1.0402,1.688
16.574480,-0.6469,1.2367,1.1024,1.779
16.590924,-0.5078,1.6311,1.4479,2.239
16.591962,-0.4623,1.6718,1.5269,2.311
16.592294,-0.4144,1.7005,1.6227,2.387
16.616029,-0.0765,1.5244,2.2330,2.705
16.616713,-0.0454,1.4597,2.2785,2.706
16.616979,-0.0286,1.3831,2.3024,2.686
16.617193,-0.0095,1.3257,2.2713,2.630
16.617398,-0.0071,1.2634,2.1803,2.520
16.651500,-0.7392,3.3380,-0.1755,3.423
16.652702,-0.6889,3.5080,-0.1803,3.580
16.671223,-0.4110,4.2822,-0.1169,4.303
16.672545,-0.3560,4.3157,-0.0690,4.331
16.673077,-0.2626,4.3660,-0.0116,4.374
16.691976,0.4887,4.1940,-0.1325,4.224
16.692994,0.5510,4.0432,-0.1637,4.084
16.721103,0.6376,3.8725,-0.2103,3.930
16.721764,0.6903,3.7695,-0.2151,3.838
16.721985,0.8148,3.5421,-0.2294,3.642
16.722156,0.9488,3.2883,-0.2462,3.431
16.731126,2.3217,0.2137,-0.5013,2.385
16.732054,2.3480,0.0964,-0.5109,2.405
16.732367,2.4007,-0.1239,-0.5420,2.464
16.732653,2.4486,-0.3465,-0.5779,2.540
16.732941,2.4917,-0.5548,-0.6067,2.624
16.750972,2.4637,-1.7503,-1.0200,3.190
16.751918,2.4374,-1.9275,-1.1110,3.300
16.752264,2.4134,-2.0951,-1.2092,3.417
16.771467,1.1747,-3.1535,-2.4277,4.149
16.781383,1.0168,-3.1759,-2.5253,4.183
16.782091,0.8636,-3.1879,-2.6139,4.212
16.782615,0.6960,-3.1855,-2.6929,4.229
16.783142,0.5116,-3.1855,-2.7575,4.244
16.812123,-1.3803,-2.3496,-2.8212,3.922
16.813520,-1.4737,-2.2107,-2.7925,3.854
16.814188,-1.5599,-2.0503,-2.7494,3.768
16.814767,-1.6341,-1.8851,-2.7326,3.700
16.815172,-1.6916,-1.7079,-2.7039,3.618
16.852945,-0.9243,0.8435,-1.8809,2.259
16.854491,-0.7806,0.9656,-1.8115,2.196
16.855504,-0.7136,1.0231,-1.7780,2.172
16.855944,-0.5676,1.1140,-1.7181,2.125
16.856255,-0.4119,1.2194,-1.6247,2.073
16.891968,2.3582,1.7469,-0.0274,2.935
16.893024,2.4348,1.7110,-0.0107,2.976
16.930727,1.9442,-0.0544,-0.0035,1.945
16.932001,1.8197,-0.2196,-0.0394,1.833
16.932298,1.6856,-0.3728,-0.0753,1.728
16.932560,1.5540,-0.5284,-0.0969,1.644
16.932789,1.4223,-0.6936,-0.1280,1.588
16.941307,1.2963,-0.8459,-0.1291,1.553
16.942037,1.1599,-0.9991,-0.1674,1.540
16.942341,1.0904,-1.0686,-0.1818,1.537
16.942860,0.9372,-1.2098,-0.2105,1.545
16.971290,-0.5068,-2.5176,-0.8227,2.697
16.972959,-0.6050,-2.5799,-0.8825,2.793
16.973529,-0.6528,-2.6038,-0.9136,2.836
16.973861,-0.7486,-2.6661,-0.9831,2.939
16.974185,-0.8468,-2.7092,-1.0573,3.029
16.992443,-1.3250,-2.8340,-1.2715,3.377
16.993717,-1.4064,-2.8244,-1.2883,3.408
16.993955,-1.4807,-2.8125,-1.2835,3.428
17.023932,-2.0430,-2.2761,-0.8951,3.187
17.030196,-2.1905,-1.6394,-0.6473,2.812
17.032017,-2.2001,-1.5197,-0.6066,2.742
17.032575,-2.2025,-1.3856,-0.5898,2.668
17.051605,-2.2187,-0.0385,-0.1261,2.223
17.053391,-2.2091,0.0740,-0.0759,2.212
17.091125,-1.7436,0.7341,0.5022,1.957
17.092111,-1.7100,0.6743,0.4735,1.898
17.130695,-1.0869,-0.4324,-0.2578,1.198
17.131942,-1.0462,-0.5043,-0.2962,1.199
17.132439,-0.9983,-0.5713,-0.3416,1.200
17.132729,-0.9504,-0.6455,-0.3752,1.209
17.132968,-0.9097,-0.7197,-0.4230,1.235
17.150572,-0.6773,-1.0717,-0.6138,1.409
17.151483,-0.6438,-1.1244,-0.6330,1.442
17.151747,-0.5887,-1.1819,-0.6473,1.471
17.170401,-0.1819,-1.6502,-0.8948,1.886
17.171668,-0.1532,-1.6837,-0.9140,1.922
17.201728,-0.0765,-1.4003,-0.8506,1.640
17.203300,-0.0956,-1.3189,-0.8410,1.567
17.211729,-0.4203,-0.3777,-0.6399,0.854
17.252057,-1.9195,1.7808,1.0022,2.804
17.253811,-2.0225,1.9005,1.0645,2.972
17.291338,-3.1548,2.4987,-0.1765,4.028
17.293042,-3.0686,2.5777,-0.2699,4.017
17.295006,-2.9848,2.6806,-0.2914,4.022
17.295581,-2.8890,2.7908,-0.2794,4.027
17.296079,-2.7956,2.9248,-0.2315,4.053
17.331294,1.2715,3.5626,0.2993,3.795
17.333206,1.4295,3.4716,0.2921,3.766
17.333771,1.7384,3.2801,0.2777,3.723
17.341513,2.0865,3.0832,0.2174,3.729
17.342293,2.3762,2.8678,0.1408,3.727
17.342958,2.6563,2.6595,0.0522,3.759
17.343309,2.9221,2.4655,-0.0436,3.823
17.359556,4.1613,1.3237,-0.6096,4.409
17.360596,4.2283,1.1753,-0.6647,4.439
17.371301,4.4629,0.2476,-1.2539,4.642
17.380981,4.5028,0.1793,-1.2831,4.685
17.381790,4.4573,0.1218,-1.3118,4.648
17.382191,4.3878,0.0572,-1.3405,4.588
17.382815,4.3016,0.0045,-1.3405,4.506
17.410444,3.0242,-0.0421,-1.2067,3.256
17.412007,2.9021,-0.0540,-1.1947,3.139
17.412436,2.7824,-0.0612,-1.1732,3.020
17.412647,2.6723,-0.0852,-1.1612,2.915
17.412920,2.5669,-0.1187,-1.1325,2.808
17.426686,2.5089,-0.1798,-1.0762,2.736
17.427345,2.4131,-0.2444,-1.0451,2.641
17.427586,2.3221,-0.2971,-1.0212,2.554
17.427793,2.2790,-0.3306,-1.0068,2.513
17.450373,0.9814,-0.9685,-0.6129,1.509
17.451360,0.7970,-0.9709,-0.6225,1.402
17.451561,0.6198,-0.9638,-0.6369,1.311
17.451735,0.5241,-0.9494,-0.6416,1.260
17.452027,0.3325,-0.9063,-0.6584,1.169
17.471110,-0.9002,-0.3594,-0.8634,1.298
17.472857,-1.1013,-0.2229,-0.9233,1.454
17.473298,-1.2904,-0.0721,-0.9735,1.618
17.490483,-2.3784,0.9695,-1.0978,2.793
17.491653,-2.4239,1.0725,-1.0738,2.860
17.492068,-2.4455,1.1658,-1.0403,2.902
17.492523,-2.4503,1.2425,-0.9972,2.923
17.493037,-2.4311,1.3071,-0.9445,2.917
17.516257,-2.4053,1.3633,-0.8864,2.903
17.517116,-2.3311,1.4040,-0.8194,2.842
17.517430,-2.2258,1.4351,-0.7452,2.751
17.517691,-2.1156,1.4663,-0.6662,2.659
17.530913,0.4490,1.0352,0.0618,1.130
17.531670,0.6070,0.9801,0.0498,1.154
17.571697,1.5624,-1.3189,-0.0368,2.045
17.583157,1.5116,-1.4104,-0.0266,2.068
17.584031,1.4494,-1.4966,-0.0194,2.083
17.584658,1.3776,-1.5828,0.0069,2.098
17.585054,1.3153,-1.6618,0.0069,2.119
17.610234,0.5830,-2.0846,0.0654,2.166
17.611452,0.5423,-2.1133,0.0989,2.184
17.611749,0.4968,-2.1301,0.1420,2.192
17.612009,0.4609,-2.1444,0.1803,2.201
17.612245,0.4322,-2.1684,0.2210,2.222
17.630896,0.3874,-2.2379,0.4284,2.311
17.631670,0.3946,-2.2403,0.4571,2.320
17.632075,0.3994,-2.2355,0.4787,2.321
17.650345,0.5453,-1.9902,0.9205,2.260
17.651489,0.5788,-1.9639,0.9517,2.258
17.690886,1.0979,-1.5234,0.9698,2.113
17.730635,1.0303,-0.8340,0.6807,1.490
17.731879,0.9991,-0.8053,0.6400,1.434
17.771126,0.0902,-0.4823,0.5183,0.714
17.772654,0.0351,-0.4631,0.5710,0.736
17.773010,-0.0223,-0.4248,0.6308,0.761
17.773314,-0.0750,-0.3841,0.6907,0.794
17.773615,-0.1277,-0.3434,0.7553,0.839
17.791900,-0.3905,-0.1896,1.1441,1.224
17.793090,-0.4192,-0.1848,1.2088,1.293
17.793431,-0.4575,-0.1824,1.2519,1.345
17.824079,-0.6151,-0.1161,1.3749,1.511
17.824892,-0.6295,-0.0898,1.3653,1.506
17.825126,-0.6630,-0.0539,1.3485,1.504
17.825263,-0.6965,-0.0156,1.3294,1.501
17.825403,-0.7205,0.0036,1.3174,1.502
17.825604,-0.7514,0.0466,1.2561,1.464
17.825820,-0.7825,0.0802,1.2609,1.486
17.825973,-0.8160,0.1185,1.2633,1.509
17.826162,-0.8447,0.1568,1.2704,1.534
17.830497,-0.8580,0.2517,1.2621,1.547
17.831255,-0.8748,0.2972,1.2980,1.593
17.831821,-0.8868,0.3379,1.3387,1.641
17.850705,-0.7799,0.9772,1.6029,2.033
17.851741,-0.7775,1.0490,1.6675,2.118
17.852084,-0.7679,1.1065,1.7465,2.206
17.869970,-0.7131,1.3609,2.1644,2.654
17.871303,-0.6891,1.3489,2.2291,2.695
17.871665,-0.6580,1.3298,2.2937,2.732
17.890445,-0.5945,1.0082,1.8403,2.181
17.891465,-0.6304,0.9627,1.6081,1.977
17.891727,-0.6783,0.9436,1.3543,1.785
17.892027,-0.7310,0.9388,1.0670,1.598
17.892300,-0.7812,0.9412,0.7845,1.453
17.930048,-0.4655,3.2482,-0.0018,3.281
17.931241,-0.3793,3.3679,0.0940,3.390
17.931567,-0.3122,3.4924,0.1993,3.512
17.931847,-0.2428,3.5905,0.2879,3.610
17.932102,-0.1782,3.6719,0.3597,3.694
17.970387,1.2953,2.6525,-0.6446,3.021
17.972412,1.3456,2.4705,-0.6709,2.892
18.011015,2.2855,-0.6041,-1.6339,2.874
18.012059,2.2544,-0.7597,-1.7033,2.926
18.050222,0.1734,-2.1171,-2.6886,3.426
18.060990,0.0079,-2.1065,-2.6721,3.403
18.061996,-0.1214,-2.0897,-2.6266,3.359
18.062777,-0.1836,-2.0801,-2.6003,3.335
18.063285,-0.3105,-2.0323,-2.5596,3.283
18.092174,-0.9033,-0.6314,-1.7171,2.040
18.129306,0.6775,0.4645,-0.9652,1.267
18.131241,0.8188,0.5267,-0.9221,1.341
18.131712,0.9720,0.5818,-0.8910,1.441
18.131955,1.1181,0.6392,-0.8575,1.547
18.132156,1.2569,0.7015,-0.8359,1.665
18.171653,2.7528,1.1512,-0.5346,3.031
18.173392,2.7528,1.1225,-0.5394,3.021
18.173919,2.7432,1.0937,-0.5394,3.002
18.174472,2.7145,1.0387,-0.5490,2.958
18.175091,2.6618,0.9788,-0.5562,2.890
18.210246,0.5326,-1.1150,-0.7691,1.455
18.211845,0.3937,-1.2347,-0.7739,1.509
18.222444,0.2616,-1.3508,-0.7816,1.582
18.222915,0.1275,-1.4657,-0.7960,1.673
18.223043,-0.0042,-1.5639,-0.8103,1.761
18.223222,-0.1478,-1.6525,-0.8223,1.852
18.250367,-1.6588,-2.3351,-1.1734,3.095
18.251639,-1.7211,-2.3112,-1.2046,3.123
18.279634,-2.1781,-1.9346,-1.2138,3.156
18.280651,-2.2044,-1.8796,-1.1731,3.125
18.295750,-2.2307,-1.6125,-1.0168,2.934
18.296517,-2.2115,-1.5454,-0.9761,2.869
18.296836,-2.2067,-1.4736,-0.9139,2.806
18.297093,-2.2019,-1.3898,-0.8636,2.743
18.297325,-2.1971,-1.3108,-0.7966,2.680
18.328359,-2.2031,-1.2399,-0.7390,2.634
18.329212,-2.1911,-1.1753,-0.6720,2.576
18.329521,-2.1719,-1.0891,-0.6026,2.503
18.329683,-2.1528,-0.9981,-0.5403,2.434
18.333090,-2.0382,-0.1306,0.1557,2.048
18.333507,-2.0167,-0.0588,0.1892,2.026
18.333791,-2.0071,0.0034,0.2299,2.020
18.333944,-1.9832,0.0657,0.2467,2.000
18.334199,-1.9736,0.0968,0.2587,1.993
18.370028,-1.8240,0.1002,0.0271,1.827
18.371660,-1.8048,0.0308,-0.0112,1.805
18.372137,-1.7785,-0.0267,-0.0615,1.780
18.372439,-1.7617,-0.0913,-0.1093,1.767
18.372696,-1.7378,-0.1632,-0.1333,1.750
18.412169,-0.9324,-1.2043,-1.0882,1.872
18.429947,-0.6225,-1.2766,-1.1226,1.810
18.430679,-0.5674,-1.2838,-1.1059,1.787
18.430833,-0.5148,-1.2790,-1.0795,1.751
18.449788,-0.1675,-1.0194,-0.5950,1.192
18.451107,-0.1627,-0.9763,-0.5352,1.125
18.469620,-0.1376,-0.6807,-0.1703,0.715
18.470759,-0.1400,-0.6209,-0.1080,0.646
18.471217,-0.1496,-0.5706,-0.0458,0.592
18.491807,-0.5609,0.1289,0.9083,1.075
18.524383,-0.6105,0.1993,0.9821,1.173
18.525530,-0.6919,0.2711,1.0444,1.282
18.525971,-0.7733,0.3453,1.0970,1.386
18.526445,-0.8595,0.4267,1.1401,1.490
18.534618,-2.3089,1.9634,0.6348,3.097
18.570164,-2.4414,2.2165,-0.8414,3.403
18.571648,-2.3624,2.2835,-0.7074,3.361
18.572122,-2.2666,2.3649,-0.5278,3.318
18.572460,-2.1636,2.4272,-0.3411,3.269
18.572826,-2.0415,2.5134,-0.1447,3.241
18.581487,-1.4715,2.8503,0.3241,3.224
18.609875,1.6166,2.7673,-0.0920,3.206
18.611298,1.8608,2.6787,-0.1734,3.266
18.611720,1.9805,2.6356,-0.2117,3.304
18.612037,2.2103,2.5566,-0.2692,3.390
18.612338,2.4138,2.4944,-0.3578,3.489
18.629569,3.1633,2.1999,-0.6803,3.913
18.630697,3.2040,2.1328,-0.7019,3.912
18.631044,3.2447,2.0586,-0.7306,3.911
18.651169,3.1628,0.9307,-1.4731,3.611
18.690809,2.1211,-0.2186,-1.4712,2.591
18.691881,2.0397,-0.3095,-1.4449,2.519
18.692411,1.9702,-0.3933,-1.4161,2.458
18.692822,1.9175,-0.4963,-1.3874,2.418
18.693133,1.8529,-0.5873,-1.3682,2.377
18.717986,1.8211,-0.6605,-1.2931,2.329
18.719048,1.7613,-0.7467,-1.2548,2.288
18.719263,1.7062,-0.7994,-1.2189,2.244
18.719585,1.6799,-0.8233,-1.1973,2.221
18.719801,1.2643,-1.0325,-0.8235,1.828
18.719953,1.1733,-1.0229,-0.8115,1.755
18.730169,0.7493,-0.9155,-0.7752,1.414
18.731164,0.6248,-0.8557,-0.7776,1.314
18.731456,0.5075,-0.7814,-0.7872,1.220
18.731687,0.4501,-0.6929,-0.8016,1.151
18.731840,0.3328,-0.6474,-0.8351,1.108
18.770404,-1.2728,2.2763,-0.6409,2.686
18.810234,1.2158,1.2533,0.1754,1.755
18.811215,1.3403,1.1025,0.1659,1.743
18.821438,1.4281,0.9465,0.1420,1.719
18.821829,1.5287,0.7789,0.1109,1.719
18.822061,1.6245,0.6041,0.0965,1.736
18.822299,1.6963,0.4389,0.0630,1.753
18.850009,1.4080,-1.6359,-0.2926,2.178
18.851636,1.3314,-1.7341,-0.3213,2.210
18.892174,0.0260,-2.6109,-0.4191,2.644
18.893382,-0.0290,-2.6252,-0.3952,2.655
18.910249,-0.2452,-2.5825,-0.0692,2.595
18.911267,-0.2476,-2.5610,-0.0165,2.573
18.911476,-0.2428,-2.5322,0.0505,2.544
18.932455,0.0330,-2.0224,0.7251,2.149
18.933105,0.0953,-1.9673,0.7778,2.118
18.970527,0.8476,-0.9500,0.7026,1.454
18.971774,0.9170,-0.8782,0.6524,1.427
18.972243,0.9697,-0.8207,0.6260,1.416
18.972552,1.0343,-0.7585,0.6069,1.419
18.972904,1.1062,-0.6914,0.5686,1.423
18.982745,1.1427,-0.6360,0.5534,1.420
18.983766,1.1977,-0.5857,0.5342,1.436
18.984319,1.2337,-0.5618,0.5366,1.458
18.984616,1.3103,-0.4995,0.5414,1.503
19.011428,1.9828,-0.3499,0.7001,2.132
19.032180,1.9467,-0.3981,0.7163,2.112
19.032953,1.9132,-0.4460,0.7115,2.089
19.033183,1.8605,-0.5011,0.7163,2.056
19.033394,1.7983,-0.5562,0.7139,2.013
19.049757,0.6947,-1.1964,0.4591,1.458
19.050945,0.5750,-1.2203,0.4400,1.419
19.051138,0.4817,-1.2395,0.4208,1.395
19.051294,0.3907,-1.2538,0.4064,1.375
19.051561,0.2877,-1.2538,0.3992,1.347
19.089567,-0.4981,-0.7603,0.8657,1.255
19.090198,-0.5005,-0.7268,0.9207,1.275
19.090420,-0.4981,-0.6932,0.9471,1.275
19.090736,-0.5053,-0.6406,0.9806,1.276
19.090950,-0.5005,-0.5999,1.0117,1.278
19.129812,-0.8066,0.3763,1.0199,1.354
19.130704,-0.8449,0.4553,0.9912,1.380
19.130908,-0.8665,0.5391,0.9816,1.416
19.131057,-0.8784,0.5822,0.9816,1.440
19.131211,-0.9024,0.6708,0.9649,1.482
19.171323,-1.3217,1.6372,1.4508,2.556
19.173071,-1.3193,1.6012,1.5298,2.578
19.173602,-1.3240,1.5581,1.6184,2.608
19.174255,-1.3360,1.5007,1.6854,2.623
19.174785,-1.3456,1.4360,1.7644,2.643
19.190265,-1.3785,0.9631,1.7068,2.396
19.191358,-1.4121,0.9056,1.5584,2.290
19.191765,-1.4504,0.8386,1.3956,2.180
19.210732,-1.7699,1.1887,0.0861,2.134
19.212294,-1.8082,1.3587,0.0286,2.262
19.212653,-1.8417,1.5741,0.0071,2.423
19.213018,-1.8489,1.8016,0.0071,2.582
19.213237,-1.8417,2.0434,0.0238,2.751
19.250791,-0.9586,4.3191,0.8324,4.502
19.252421,-0.8724,4.3406,0.8492,4.508
19.252959,-0.7598,4.3406,0.8444,4.487
19.253400,-0.6210,4.3167,0.8181,4.437
19.253875,-0.4749,4.2544,0.8013,4.355
19.292028,2.2555,1.7206,-0.3775,2.862
19.293206,2.4159,1.5171,-0.4445,2.887
19.293906,2.5620,1.2968,-0.4828,2.912
19.294370,2.7056,1.0909,-0.5427,2.967
19.295147,2.8469,0.8850,-0.5954,3.040
19.304053,2.9870,0.6928,-0.6726,3.139
19.305006,3.1283,0.4965,-0.7180,3.248
19.305429,3.2504,0.2977,-0.7731,3.354
19.305799,3.3342,0.0942,-0.8234,3.436
19.332468,2.7793,-2.6351,-1.6947,4.188
19.333667,2.6739,-2.7309,-1.7498,4.204
19.340203,2.4883,-2.8205,-1.8108,4.174
19.341034,2.3207,-2.8995,-1.8755,4.161
19.341476,2.1483,-2.9642,-1.9497,4.148
19.342137,1.9615,-3.0097,-2.0167,4.120
19.350148,1.5626,-3.0715,-2.1703,4.073
19.351150,1.4597,-3.0834,-2.1990,4.059
19.351766,1.2394,-3.0954,-2.2493,4.022
19.359237,0.4988,-3.0813,-2.4111,3.944
19.360071,0.2498,-3.0622,-2.4566,3.934
19.369959,-0.6678,-2.8164,-2.5590,3.863
19.371086,-0.8881,-2.7111,-2.5614,3.834
19.371357,-1.0964,-2.5890,-2.5685,3.808
19.371649,-1.2975,-2.4501,-2.5685,3.779
19.371876,-1.4818,-2.3088,-2.5638,3.755
19.410829,-1.5359,0.5226,-1.8014,2.424
19.412058,-1.3683,0.6160,-1.7104,2.275
19.451975,1.7580,1.3275,-0.5350,2.267
19.453564,1.9495,1.3227,-0.4896,2.406
19.453920,2.1219,1.3155,-0.4608,2.539
19.454164,2.2991,1.3251,-0.4584,2.693
19.454327,2.4714,1.3131,-0.4321,2.832
19.490090,2.6451,-0.1437,-0.2707,2.663
19.530860,0.3085,-2.0034,-0.9009,2.218
19.531783,0.1648,-2.0896,-0.9536,2.303
19.532100,0.0236,-2.1662,-0.9895,2.382
19.532297,-0.0435,-2.2045,-1.0182,2.429
19.532453,-0.1847,-2.2691,-1.0829,2.521
19.539978,-0.3058,-2.3449,-1.1256,2.619
19.540832,-0.4303,-2.3975,-1.1735,2.704
19.541276,-0.5596,-2.4598,-1.2166,2.801
19.541725,-0.6745,-2.4957,-1.2645,2.878
19.549691,-0.9053,-2.5644,-1.3410,3.032
19.551265,-1.0154,-2.5763,-1.3865,3.097
19.552010,-1.1159,-2.5955,-1.4224,3.163
19.570256,-1.9989,-2.2854,-1.3773,3.334
19.571517,-2.0348,-2.2255,-1.3366,3.298
19.609852,-2.3557,-0.7165,-0.4096,2.496
19.611218,-2.3342,-0.6135,-0.3378,2.437
19.611436,-2.3174,-0.5106,-0.2684,2.388
19.611688,-2.2863,-0.4028,-0.1918,2.329
19.611920,-2.2576,-0.2999,-0.1271,2.281
19.649130,-1.9612,0.6750,0.6781,2.182
19.650019,-1.9492,0.6678,0.6805,2.170
19.650244,-1.9420,0.6511,0.6973,2.164
19.650382,-1.9468,0.6439,0.7069,2.169
19.650508,-1.9492,0.6319,0.7069,2.168
19.690761,-1.8670,-0.3529,0.1932,1.910
19.691780,-1.8311,-0.4414,0.1165,1.887
19.692164,-1.7904,-0.5276,0.0351,1.867
19.692546,-1.7306,-0.6114,-0.0558,1.836
19.692917,-1.6946,-0.6928,-0.1588,1.838
19.729882,-0.3108,-1.4905,-1.0686,1.860
19.730805,-0.2390,-1.5097,-1.0997,1.883
19.739600,-0.1530,-1.5152,-1.0999,1.879
19.740111,-0.0788,-1.5272,-1.1143,1.892
19.740375,-0.0022,-1.5200,-1.1334,1.896
19.740528,0.0624,-1.5152,-1.1430,1.899
19.770797,-0.0906,-0.1368,-0.9466,0.961
19.780063,-0.1090,-0.0569,-0.9342,0.942
19.780619,-0.1784,0.1083,-0.8935,0.918
19.780870,-0.2431,0.2783,-0.8361,0.914
19.781078,-0.3412,0.4507,-0.7738,0.958
19.809620,-1.6448,1.9963,0.8658,2.728
19.810658,-1.7693,2.0561,1.0357,2.904
19.810876,-1.9081,2.1184,1.2081,3.096
19.810997,-2.0326,2.1591,1.3542,3.260
19.811136,-2.1523,2.1902,1.5002,3.418
19.851634,-2.9599,2.0625,-0.1123,3.609
19.890790,0.5634,1.7999,0.0418,1.886
19.901049,0.8661,1.6867,-0.0681,1.897
19.901844,0.9954,1.6293,-0.1136,1.913
19.902336,1.2420,1.5096,-0.2118,1.966
19.902790,1.4790,1.4066,-0.3291,2.067
19.930898,3.1122,0.7101,-1.2117,3.414
19.969701,3.3757,0.0302,-1.5737,3.725
19.971921,3.3207,0.0134,-1.5522,3.666
19.972461,3.2656,-0.0129,-1.5306,3.607
19.972790,3.2034,-0.0608,-1.5115,3.543
19.973120,3.1363,-0.0991,-1.4779,3.469
20.010473,2.3715,-0.6023,-0.4057,2.480
20.011437,2.2750,-0.6080,-0.3941,2.388
20.011775,2.1697,-0.6056,-0.3894,2.286
20.012010,2.0380,-0.5888,-0.4037,2.159
20.012238,1.9063,-0.5577,-0.4229,2.031
20.049521,-1.0070,1.2926,-0.7783,1.814
20.050628,-1.1530,1.4602,-0.7879,2.020
20.051094,-1.2201,1.5416,-0.7974,2.122
20.051419,-1.3470,1.6948,-0.8166,2.314
20.051732,-1.4619,1.8337,-0.8214,2.485
20.091552,-1.1004,2.2504,0.0609,2.506
20.093059,-0.9041,2.1786,0.1304,2.362
20.093640,-0.6934,2.1163,0.2046,2.236
20.093969,-0.5067,2.0493,0.2597,2.127
20.094276,-0.3343,1.9703,0.2980,2.021
20.129668,0.8912,-1.0060,0.0270,1.344
20.170328,-0.2725,-2.2322,-0.1756,2.256
20.171849,-0.3396,-2.2705,-0.1588,2.301
20.172506,-0.3683,-2.2944,-0.1540,2.329
20.172834,-0.4162,-2.3447,-0.1396,2.385
20.173152,-0.4665,-2.3926,-0.1277,2.441
20.210003,-0.3125,-2.6526,0.4981,2.717
20.211059,-0.2526,-2.6167,0.5268,2.681
20.211531,-0.2047,-2.5736,0.5579,2.641
20.243020,0.4125,-1.9095,0.7079,2.078
20.243781,0.4916,-1.8424,0.7271,2.041
20.249972,0.9841,-1.5130,0.8662,2.002
20.250608,1.0655,-1.4771,0.8925,2.028
20.289266,1.6892,-1.0140,0.9964,2.208
20.290644,1.7155,-0.9925,0.9796,2.211
20.291092,1.7299,-0.9853,0.9868,2.222
20.291540,1.7562,-0.9685,0.9700,2.228
20.291798,1.7706,-0.9494,0.9724,2.232
20.330186,0.9813,-0.7243,0.6235,1.370
20.370382,-0.2232,-0.1599,0.6908,0.743
20.372388,-0.2663,-0.1001,0.7291,0.783
20.372713,-0.2998,-0.0522,0.7793,0.837
20.372957,-0.3405,-0.0091,0.8177,0.886
20.373181,-0.3788,0.0292,0.8607,0.941
20.389464,-0.3911,0.2655,0.9568,1.067
20.390736,-0.3839,0.2990,0.9616,1.078
20.391183,-0.3791,0.3373,0.9903,1.113
20.411339,-0.4537,0.7125,0.9517,1.272
20.413438,-0.4728,0.7389,0.9565,1.298
20.413754,-0.5159,0.7963,0.9661,1.354
20.413915,-0.5542,0.8442,0.9900,1.414
20.414055,-0.6045,0.9089,0.9996,1.480
20.449359,-1.4711,1.2914,2.2812,3.006
20.450224,-1.4615,1.2196,2.3793,3.047
20.490529,-1.5462,-0.0745,1.5011,2.156
20.492572,-1.5917,-0.0697,1.2904,2.050
20.493146,-1.6563,-0.0481,1.0965,1.987
20.493399,-1.7281,0.0093,0.9337,1.964
20.493993,-1.7976,0.1027,0.8140,1.976
20.509819,-2.0579,1.0204,0.6547,2.389
20.510824,-2.0675,1.2240,0.6595,2.491
20.511126,-2.0460,1.4346,0.6666,2.586
20.529287,-1.5827,3.1700,0.2285,3.550
20.530787,-1.4630,3.3352,0.2165,3.648
20.531107,-1.3744,3.3998,0.1566,3.670
20.531386,-1.2475,3.5315,0.1351,3.748
20.531631,-1.2332,3.6775,0.1447,3.881
20.569709,1.6192,2.9973,-0.8365,3.508
20.571114,1.8562,2.7722,-0.9394,3.466
20.609167,3.4195,-1.0525,-1.6193,3.927
20.610290,3.3524,-1.2727,-1.5882,3.922
20.610695,3.2806,-1.4595,-1.5715,3.919
20.610949,3.1920,-1.6390,-1.5667,3.915
20.611124,3.0747,-1.8042,-1.5595,3.891
20.648946,0.1940,-2.6531,-2.1999,3.452
20.649863,-0.0239,-2.5717,-2.1855,3.375
20.650078,-0.1460,-2.5382,-2.1784,3.348
20.650371,-0.3734,-2.4424,-2.1544,3.278
20.650740,-0.5865,-2.3251,-2.1209,3.201
20.688352,-1.4473,0.3508,-1.1691,1.893
20.689518,-1.3252,0.4753,-1.1476,1.816
20.689804,-1.2007,0.5878,-1.1452,1.760
20.729148,1.2693,1.5492,-0.6802,2.115
20.730357,1.4560,1.5635,-0.6228,2.225
20.730714,1.6260,1.5755,-0.5869,2.339
20.731006,1.8056,1.5731,-0.5270,2.452
20.731224,1.9756,1.5755,-0.4815,2.572
20.768531,2.7879,0.4620,-0.4351,2.859
20.769644,2.7472,0.3351,-0.4854,2.810
20.769874,2.6754,0.2178,-0.5500,2.740
20.770010,2.6060,0.0789,-0.6027,2.676
20.770181,2.5701,0.0119,-0.6314,2.647
20.809135,0.7176,-1.9922,-1.2325,2.450
20.810221,0.5907,-2.0928,-1.2684,2.517
20.810517,0.4566,-2.1861,-1.3043,2.586
20.810932,0.3274,-2.2771,-1.3378,2.661
20.811187,0.2124,-2.3537,-1.3641,2.729
20.848682,-1.2362,-2.5722,-1.4202,3.188
20.849593,-1.2817,-2.5099,-1.4010,3.147
20.889229,-1.5289,-0.4808,-0.5216,1.685
20.898196,-1.5295,-0.3703,-0.4480,1.636
20.898945,-1.5152,-0.2554,-0.4002,1.588
20.899346,-1.4984,-0.1405,-0.3690,1.550
20.899706,-1.4936,-0.0279,-0.3188,1.528
20.928341,-1.5810,0.8097,0.1091,1.780
20.929078,-1.5978,0.8289,0.1211,1.804
20.929474,-1.6145,0.8433,0.1043,1.824
20.929839,-1.6337,0.8385,0.0923,1.839
20.930018,-1.6504,0.8337,0.0876,1.851
20.969604,-1.6126,-0.0061,-0.4577,1.676
20.971105,-1.5815,-0.0707,-0.5152,1.665
20.971447,-1.5552,-0.1545,-0.5654,1.662
20.971716,-1.5288,-0.2311,-0.6085,1.662
20.971971,-1.5049,-0.3197,-0.6564,1.673
20.980007,-1.4572,-0.4013,-0.7208,1.674
20.980613,-1.4189,-0.4683,-0.7543,1.674
20.981129,-1.3782,-0.5473,-0.7758,1.674
20.981351,-1.3303,-0.6143,-0.7926,1.666
21.008641,-0.8019,-1.2672,-0.9202,1.759
21.009603,-0.7612,-1.3103,-0.9058,1.765
21.009787,-0.7228,-1.3438,-0.8891,1.766
21.009927,-0.6845,-1.3654,-0.8556,1.751
21.010047,-0.6414,-1.3821,-0.8484,1.744
21.048757,-0.9737,-0.5640,-0.0820,1.128
21.088965,-2.1177,0.8444,0.6513,2.371
21.090031,-2.2206,0.8971,0.6752,2.488
21.090495,-2.3068,0.9354,0.6848,2.582
21.091190,-2.3882,0.9689,0.7063,2.672
21.091647,-2.4385,1.0000,0.7303,2.735
21.129367,-0.7233,1.1376,-0.2581,1.373
21.168923,2.7623,2.8572,-0.2673,3.983
21.170032,3.1094,2.7782,-0.3703,4.186
21.170321,3.2818,2.7351,-0.3990,4.291
21.170698,3.6242,2.6298,-0.4445,4.500
21.170931,3.9474,2.5149,-0.4948,4.707
21.208775,6.2388,2.1125,-1.3867,6.731
21.209513,6.2508,2.1221,-1.4585,6.760
21.209749,6.2412,2.1436,-1.5112,6.770
21.210011,6.2005,2.1675,-1.5495,6.749
21.210286,6.1478,2.1915,-1.5782,6.715
21.218111,6.0957,2.2198,-1.5441,6.669
21.219158,5.9999,2.2486,-1.5585,6.594
21.219527,5.8970,2.2965,-1.5489,6.515
21.219871,5.7820,2.3419,-1.5489,6.428
21.248609,4.0053,1.8076,-1.2924,4.580
21.289440,0.8338,1.1844,-1.3685,1.993
21.290484,0.5872,1.2035,-1.3949,1.934
21.291238,0.3310,1.2251,-1.4020,1.891
21.291533,0.2113,1.2323,-1.4164,1.889
21.291759,-0.0257,1.2610,-1.4092,1.891
21.328333,-1.1030,0.4448,-0.6426,1.352
21.329378,-0.9618,0.3538,-0.6330,1.205
21.372855,1.0675,-1.0372,-0.0489,1.489
21.374861,1.1178,-1.0827,-0.0298,1.556
21.408108,0.8358,-1.4503,-0.2351,1.690
21.448668,0.3008,-1.5034,0.1077,1.537
21.449468,0.3152,-1.4986,0.1221,1.536
21.449601,0.3391,-1.4962,0.1388,1.540
21.449921,0.3654,-1.4771,0.1724,1.531
21.450017,0.3966,-1.4651,0.1987,1.531
21.468435,0.7493,-1.4013,0.3456,1.626
21.469011,0.8283,-1.3798,0.3552,1.648
21.469128,0.9097,-1.3486,0.3552,1.665
21.488195,1.5491,-1.0973,0.3760,1.935
21.488778,1.6329,-1.0662,0.3544,1.982
21.488904,1.7119,-1.0135,0.3353,2.017
21.488997,1.8148,-0.9776,0.3042,2.084
21.489110,1.9082,-0.9489,0.2778,2.149
21.499000,1.9818,-0.9316,0.2499,2.204
21.499411,2.0680,-0.9077,0.2212,2.269
21.499534,2.1542,-0.8957,0.1829,2.340
21.499611,2.2308,-0.8694,0.1398,2.398
21.528658,2.7257,-0.5815,-0.3422,2.808
21.529333,2.7496,-0.5336,-0.3685,2.825
21.529481,2.7448,-0.4858,-0.4044,2.817
21.529631,2.7424,-0.4379,-0.4236,2.809
21.529778,2.7281,-0.3900,-0.4475,2.792
21.568871,2.0200,1.0309,-0.4156,2.306
21.569551,1.9937,1.0860,-0.3941,2.304
21.569705,1.9410,1.1650,-0.3558,2.292
21.569824,1.9003,1.2464,-0.3390,2.298
21.569961,1.8596,1.3445,-0.3103,2.316
21.610884,1.0726,1.5038,0.0909,1.849
21.611367,1.0200,1.3960,0.1100,1.732
21.611462,0.9529,1.2739,0.1028,1.594
21.611525,0.8931,1.1542,0.0885,1.462
21.611653,0.8332,1.0249,0.0933,1.324
21.648210,-0.6653,-1.0328,-0.0832,1.231
21.648639,-0.7467,-1.0831,-0.0904,1.319
21.689554,-1.4993,-0.8182,-0.1934,1.719
21.690053,-1.5041,-0.7631,-0.1862,1.697
21.690141,-1.4969,-0.7057,-0.1862,1.665
21.690212,-1.4945,-0.6913,-0.1742,1.656
21.690273,-1.4778,-0.6482,-0.1623,1.622
21.729747,-0.0564,0.3394,-0.0426,0.347
21.738841,0.0284,0.3859,-0.0649,0.392
21.739220,0.1026,0.4266,-0.0912,0.448
21.739298,0.1768,0.4553,-0.1080,0.500
21.739358,0.2439,0.4865,-0.1343,0.560
21.769255,1.2378,0.3552,-0.5507,1.401
21.770297,1.3168,0.3121,-0.5914,1.477
21.770470,1.3814,0.2594,-0.6225,1.537
21.808291,1.8548,-0.4328,-0.7731,2.056
21.809115,1.8524,-0.4687,-0.7755,2.062
21.809388,1.8381,-0.5070,-0.7826,2.061
21.809828,1.8213,-0.5406,-0.7779,2.053
21.810140,1.8117,-0.5573,-0.7683,2.045
21.849054,0.6898,-0.6655,-0.7076,1.191
21.850066,0.6204,-0.6320,-0.6933,1.125
21.888523,-0.3400,-0.0584,-0.0915,0.357
21.889739,-0.3855,-0.0321,-0.0604,0.391
21.890059,-0.4286,0.0038,-0.0388,0.430
21.890342,-0.4741,0.0302,-0.0053,0.475
21.890998,-0.5100,0.0493,0.0066,0.512
21.928771,-0.7552,0.4525,0.0689,0.883
21.929725,-0.7432,0.4788,0.0545,0.886
21.929948,-0.7216,0.4884,0.0425,0.872
21.930092,-0.6953,0.5171,0.0449,0.868
21.930658,-0.6642,0.5458,0.0186,0.860
21.968461,0.0132,0.5557,-0.3054,0.634
21.969514,0.0324,0.5461,-0.3246,0.636
21.969828,0.0803,0.5318,-0.3629,0.649
21.970304,0.1282,0.5078,-0.3892,0.653
21.970653,0.1808,0.4958,-0.4204,0.675
21.979948,0.2108,0.4721,-0.4322,0.674
21.980665,0.2563,0.4458,-0.4513,0.684
21.981082,0.3018,0.4219,-0.4753,0.704
21.981357,0.3353,0.3931,-0.4633,0.694
22.009048,0.5375,0.0096,-0.3851,0.661
22.009870,0.5279,-0.0144,-0.3564,0.637
22.010119,0.5303,-0.0311,-0.3540,0.638
22.010416,0.5207,-0.0575,-0.3372,0.623
22.011105,0.5112,-0.0814,-0.3372,0.618
22.048365,0.0327,-0.2019,-0.1153,0.235
22.049157,-0.0056,-0.1972,-0.1009,0.222
22.049335,-0.0343,-0.1876,-0.0770,0.206
22.049453,-0.0655,-0.1636,-0.0602,0.186
22.049558,-0.1014,-0.1469,-0.0530,0.186
22.089045,-0.7549,-0.0159,0.1621,0.772
22.129490,-0.6704,-0.0453,0.0341,0.673
22.129876,-0.6560,-0.0596,0.0149,0.659
22.129934,-0.6321,-0.0668,0.0005,0.636
22.129983,-0.6034,-0.0812,-0.0090,0.609
22.130042,-0.5962,-0.0788,-0.0114,0.601
22.168972,-0.2011,-0.2008,-0.0898,0.298
22.169389,-0.1747,-0.2032,-0.0826,0.280
22.169479,-0.1388,-0.2152,-0.0586,0.263
22.169538,-0.1101,-0.2104,-0.0419,0.241
22.169585,-0.0718,-0.2128,-0.0467,0.229
22.208222,0.0992,-0.1357,0.1475,0.224
22.208573,0.0992,-0.1309,0.1547,0.226
22.208805,0.0896,-0.1261,0.1691,0.229
22.208891,0.0824,-0.1189,0.1643,0.219
22.208963,0.0896,-0.1046,0.1715,0.220
22.248845,0.0225,0.0706,0.2285,0.240
22.249266,0.0249,0.0777,0.2285,0.243
22.249345,0.0297,0.0801,0.2165,0.233
22.249408,0.0345,0.0945,0.2285,0.250
22.249525,0.0417,0.0945,0.2261,0.249
22.288930,0.0088,-0.0965,0.1002,0.139
22.298917,-0.0032,-0.1032,0.0977,0.142
22.299251,-0.0032,-0.1032,0.0905,0.137
22.299333,-0.0032,-0.1247,0.0881,0.153
22.299400,0.0064,-0.1463,0.0929,0.173
22.329234,0.0020,-0.2167,0.0706,0.228
22.329755,-0.0363,-0.2191,0.0897,0.239
22.329847,-0.1967,-0.2191,0.1568,0.334
22.329920,-0.3547,-0.1760,0.2477,0.467
22.329982,-0.3691,-0.0993,0.2765,0.472
22.338240,-0.2482,-0.1166,0.2642,0.381
22.338603,-0.0447,-0.1669,0.1875,0.255
22.338730,0.1253,-0.2291,0.1468,0.300
22.338821,0.1924,-0.2578,0.0415,0.324
22.368315,-0.0556,0.1311,-0.1023,0.175
22.368654,-0.0580,0.1502,-0.0616,0.172
22.368729,-0.0628,0.1670,-0.0018,0.178
22.368802,-0.0676,0.1718,0.0246,0.186
22.368869,-0.0484,0.1789,0.0749,0.200
22.410360,-0.0031,-0.0234,0.2126,0.214
22.410812,-0.0031,-0.0210,0.2030,0.204
22.423716,-0.0075,-0.0177,0.1969,0.198
22.424021,0.0021,-0.0130,0.1898,0.190
22.424105,-0.0051,0.0062,0.1730,0.173
22.424168,-0.0147,0.0110,0.1610,0.162
